{
  "parent": "minecraft:item/generated",
  "display": {
    "ground": {
      "rotation": [ 0, 0, 0 ],
      "translation": [ 0, 2, 0],
      "scale":[ 0.5, 0.5, 0.5 ]
    },
    "head": {
      "rotation": [ 0, 180, 0 ],
      "translation": [ 0, 13, 7],
      "scale":[ 1, 1, 1]
    },
    "thirdperson_righthand": {
      "rotation": [ 0, 90, 45 ],
      "translation": [ 0, 3, 1 ],
      "scale": [ 0.55, 0.55, 0.55 ]
    },
    "thirdperson_lefthand": {
      "rotation": [ 0, -90, -45 ],
      "translation": [ 0, 3, 1 ],
      "scale": [ 0.55, 0.55, 0.55 ]
    },
    "firstperson_righthand": {
      "rotation": [ 0, 90, 25 ],
      "translation": [ 4.13, 1, 0],
      "scale": [ 0.75, 0.75, 0.75 ]
    },
    "firstperson_lefthand": {
      "rotation": [ 0, -90, -25 ],
      "translation": [ 4.13, 1, 0],
      "scale": [ 0.75, 0.75, 0.75 ]
    },
    "fixed": {
      "rotation": [ 0, 180, 0 ],
      "scale": [ 1, 1, 1 ]
    }
  }
}