{
    "parent": "minecraft:item/handheld",
    "textures": {
        "layer0": "everythingcopper:item/copper_axe"
    },
    "overrides": [
        {
            "predicate": {
                "state": 1.0
            },
            "model": "everythingcopper:item/exposed_copper_axe"
        },
        {
            "predicate": {
                "state": 2.0
            },
            "model": "everythingcopper:item/weathered_copper_axe"
        },
        {
            "predicate": {
                "state": 3.0
            },
            "model": "everythingcopper:item/oxidized_copper_axe"
        }
    ]
}