{
  "credit": "Made with Blockbench",
  "elements": [
    {
      "name": "front",
      "from": [7, 0, 9],
      "to": [9, 2, 16],
      "color": 6,
      "faces": {
        "north": {"uv": [0, 0, 2, 2], "texture": "#missing"},
        "east": {"uv": [0, 0, 7, 2], "texture": "#missing"},
        "south": {"uv": [0, 0, 2, 2], "texture": "#missing"},
        "west": {"uv": [0, 0, 7, 2], "texture": "#missing"},
        "up": {"uv": [0, 0, 2, 7], "texture": "#missing"},
        "down": {"uv": [0, 0, 2, 7], "texture": "#missing"}
      }
    },
    {
      "name": "main",
      "from": [7, 0, 0],
      "to": [9, 2, 9],
      "color": 5,
      "faces": {
        "north": {"uv": [0, 0, 2, 2], "texture": "#missing"},
        "east": {"uv": [0, 0, 9, 2], "texture": "#missing"},
        "south": {"uv": [0, 0, 2, 2], "texture": "#missing"},
        "west": {"uv": [0, 0, 9, 2], "texture": "#missing"},
        "up": {"uv": [0, 0, 2, 9], "texture": "#missing"},
        "down": {"uv": [0, 0, 2, 9], "texture": "#missing"}
      }
    },
    {
      "name": "right",
      "from": [0, 0, 7],
      "to": [7, 2, 9],
      "color": 4,
      "faces": {
        "north": {"uv": [0, 0, 7, 2], "texture": "#missing"},
        "east": {"uv": [0, 0, 2, 2], "texture": "#missing"},
        "south": {"uv": [0, 0, 7, 2], "texture": "#missing"},
        "west": {"uv": [0, 0, 2, 2], "texture": "#missing"},
        "up": {"uv": [0, 0, 7, 2], "texture": "#missing"},
        "down": {"uv": [0, 0, 7, 2], "texture": "#missing"}
      }
    },
    {
      "name": "left",
      "from": [9, 0, 7],
      "to": [16, 2, 9],
      "color": 3,
      "faces": {
        "north": {"uv": [0, 0, 7, 2], "texture": "#missing"},
        "east": {"uv": [0, 0, 2, 2], "texture": "#missing"},
        "south": {"uv": [0, 0, 7, 2], "texture": "#missing"},
        "west": {"uv": [0, 0, 2, 2], "texture": "#missing"},
        "up": {"uv": [0, 0, 7, 2], "texture": "#missing"},
        "down": {"uv": [0, 0, 7, 2], "texture": "#missing"}
      }
    },
    {
      "name": "front",
      "from": [14, 7, 9],
      "to": [16, 9, 16],
      "color": 6,
      "faces": {
        "north": {"uv": [0, 0, 2, 2], "texture": "#missing"},
        "east": {"uv": [0, 0, 7, 2], "texture": "#missing"},
        "south": {"uv": [0, 0, 2, 2], "texture": "#missing"},
        "west": {"uv": [0, 0, 7, 2], "texture": "#missing"},
        "up": {"uv": [0, 0, 2, 7], "texture": "#missing"},
        "down": {"uv": [0, 0, 2, 7], "texture": "#missing"}
      }
    },
    {
      "name": "main",
      "from": [14, 7, 0],
      "to": [16, 9, 9],
      "color": 5,
      "faces": {
        "north": {"uv": [0, 0, 2, 2], "texture": "#missing"},
        "east": {"uv": [0, 0, 9, 2], "texture": "#missing"},
        "south": {"uv": [0, 0, 2, 2], "texture": "#missing"},
        "west": {"uv": [0, 0, 9, 2], "texture": "#missing"},
        "up": {"uv": [0, 0, 2, 9], "texture": "#missing"},
        "down": {"uv": [0, 0, 2, 9], "texture": "#missing"}
      }
    },
    {
      "name": "right",
      "from": [14, 0, 7],
      "to": [16, 7, 9],
      "color": 4,
      "faces": {
        "north": {"uv": [0, 0, 2, 7], "texture": "#missing"},
        "east": {"uv": [0, 0, 2, 7], "texture": "#missing"},
        "south": {"uv": [0, 0, 2, 7], "texture": "#missing"},
        "west": {"uv": [0, 0, 2, 7], "texture": "#missing"},
        "up": {"uv": [0, 0, 2, 2], "texture": "#missing"},
        "down": {"uv": [0, 0, 2, 2], "texture": "#missing"}
      }
    },
    {
      "name": "left",
      "from": [14, 9, 7],
      "to": [16, 16, 9],
      "color": 3,
      "faces": {
        "north": {"uv": [0, 0, 2, 7], "texture": "#missing"},
        "east": {"uv": [0, 0, 2, 7], "texture": "#missing"},
        "south": {"uv": [0, 0, 2, 7], "texture": "#missing"},
        "west": {"uv": [0, 0, 2, 7], "texture": "#missing"},
        "up": {"uv": [0, 0, 2, 2], "texture": "#missing"},
        "down": {"uv": [0, 0, 2, 2], "texture": "#missing"}
      }
    },
    {
      "name": "front",
      "from": [0, 7, 9],
      "to": [2, 9, 16],
      "color": 6,
      "faces": {
        "north": {"uv": [0, 0, 2, 2], "texture": "#missing"},
        "east": {"uv": [0, 0, 7, 2], "texture": "#missing"},
        "south": {"uv": [0, 0, 2, 2], "texture": "#missing"},
        "west": {"uv": [0, 0, 7, 2], "texture": "#missing"},
        "up": {"uv": [0, 0, 2, 7], "texture": "#missing"},
        "down": {"uv": [0, 0, 2, 7], "texture": "#missing"}
      }
    },
    {
      "name": "main",
      "from": [0, 7, 0],
      "to": [2, 9, 9],
      "color": 5,
      "faces": {
        "north": {"uv": [0, 0, 2, 2], "texture": "#missing"},
        "east": {"uv": [0, 0, 9, 2], "texture": "#missing"},
        "south": {"uv": [0, 0, 2, 2], "texture": "#missing"},
        "west": {"uv": [0, 0, 9, 2], "texture": "#missing"},
        "up": {"uv": [0, 0, 2, 9], "texture": "#missing"},
        "down": {"uv": [0, 0, 2, 9], "texture": "#missing"}
      }
    },
    {
      "name": "right",
      "from": [0, 0, 7],
      "to": [2, 7, 9],
      "color": 4,
      "faces": {
        "north": {"uv": [0, 0, 2, 7], "texture": "#missing"},
        "east": {"uv": [0, 0, 2, 7], "texture": "#missing"},
        "south": {"uv": [0, 0, 2, 7], "texture": "#missing"},
        "west": {"uv": [0, 0, 2, 7], "texture": "#missing"},
        "up": {"uv": [0, 0, 2, 2], "texture": "#missing"},
        "down": {"uv": [0, 0, 2, 2], "texture": "#missing"}
      }
    },
    {
      "name": "left",
      "from": [0, 9, 7],
      "to": [2, 16, 9],
      "color": 3,
      "faces": {
        "north": {"uv": [0, 0, 2, 7], "texture": "#missing"},
        "east": {"uv": [0, 0, 2, 7], "texture": "#missing"},
        "south": {"uv": [0, 0, 2, 7], "texture": "#missing"},
        "west": {"uv": [0, 0, 2, 7], "texture": "#missing"},
        "up": {"uv": [0, 0, 2, 2], "texture": "#missing"},
        "down": {"uv": [0, 0, 2, 2], "texture": "#missing"}
      }
    },
    {
      "name": "front",
      "from": [0, 7, 0],
      "to": [7, 9, 2],
      "color": 6,
      "faces": {
        "north": {"uv": [0, 0, 7, 2], "texture": "#missing"},
  			"east": {"uv": [0, 0, 2, 2], "texture": "#missing"},
				"south": {"uv": [0, 0, 7, 2], "texture": "#missing"},
				"west": {"uv": [0, 0, 2, 2], "texture": "#missing"},
				"up": {"uv": [0, 0, 7, 2], "texture": "#missing"},
				"down": {"uv": [0, 0, 7, 2], "texture": "#missing"}
			}
		},
		{
			"name": "main",
			"from": [9, 7, 0],
			"to": [16, 9, 2],
			"color": 5,
			"faces": {
				"north": {"uv": [0, 0, 7, 2], "texture": "#missing"},
				"east": {"uv": [0, 0, 2, 2], "texture": "#missing"},
				"south": {"uv": [0, 0, 7, 2], "texture": "#missing"},
				"west": {"uv": [0, 0, 2, 2], "texture": "#missing"},
				"up": {"uv": [0, 0, 7, 2], "texture": "#missing"},
				"down": {"uv": [0, 0, 7, 2], "texture": "#missing"}
			}
		},
		{
			"name": "right",
			"from": [7, 0, 0],
			"to": [9, 9, 2],
			"color": 4,
			"faces": {
				"north": {"uv": [0, 0, 2, 9], "texture": "#missing"},
				"east": {"uv": [0, 0, 2, 9], "texture": "#missing"},
				"south": {"uv": [0, 0, 2, 9], "texture": "#missing"},
				"west": {"uv": [0, 0, 2, 9], "texture": "#missing"},
				"up": {"uv": [0, 0, 2, 2], "texture": "#missing"},
				"down": {"uv": [0, 0, 2, 2], "texture": "#missing"}
			}
		},
		{
			"name": "left",
			"from": [7, 9, 0],
			"to": [9, 16, 2],
			"color": 3,
			"faces": {
				"north": {"uv": [0, 0, 2, 7], "texture": "#missing"},
				"east": {"uv": [0, 0, 2, 7], "texture": "#missing"},
				"south": {"uv": [0, 0, 2, 7], "texture": "#missing"},
				"west": {"uv": [0, 0, 2, 7], "texture": "#missing"},
				"up": {"uv": [0, 0, 2, 2], "texture": "#missing"},
				"down": {"uv": [0, 0, 2, 2], "texture": "#missing"}
			}
		},
		{
			"name": "front",
			"from": [0, 7, 14],
			"to": [7, 9, 16],
			"color": 6,
			"faces": {
				"north": {"uv": [0, 0, 7, 2], "texture": "#missing"},
				"east": {"uv": [0, 0, 2, 2], "texture": "#missing"},
				"south": {"uv": [0, 0, 7, 2], "texture": "#missing"},
				"west": {"uv": [0, 0, 2, 2], "texture": "#missing"},
				"up": {"uv": [0, 0, 7, 2], "texture": "#missing"},
				"down": {"uv": [0, 0, 7, 2], "texture": "#missing"}
			}
		},
		{
			"name": "main",
			"from": [9, 7, 14],
			"to": [16, 9, 16],
			"color": 5,
			"faces": {
				"north": {"uv": [0, 0, 7, 2], "texture": "#missing"},
				"east": {"uv": [0, 0, 2, 2], "texture": "#missing"},
				"south": {"uv": [0, 0, 7, 2], "texture": "#missing"},
				"west": {"uv": [0, 0, 2, 2], "texture": "#missing"},
				"up": {"uv": [0, 0, 7, 2], "texture": "#missing"},
				"down": {"uv": [0, 0, 7, 2], "texture": "#missing"}
			}
		},
		{
			"name": "right",
			"from": [7, 0, 14],
			"to": [9, 9, 16],
			"color": 4,
			"faces": {
				"north": {"uv": [0, 0, 2, 9], "texture": "#missing"},
				"east": {"uv": [0, 0, 2, 9], "texture": "#missing"},
				"south": {"uv": [0, 0, 2, 9], "texture": "#missing"},
				"west": {"uv": [0, 0, 2, 9], "texture": "#missing"},
				"up": {"uv": [0, 0, 2, 2], "texture": "#missing"},
				"down": {"uv": [0, 0, 2, 2], "texture": "#missing"}
			}
		},
		{
			"name": "left",
			"from": [7, 9, 14],
			"to": [9, 16, 16],
			"color": 3,
			"faces": {
				"north": {"uv": [0, 0, 2, 7], "texture": "#missing"},
				"east": {"uv": [0, 0, 2, 7], "texture": "#missing"},
				"south": {"uv": [0, 0, 2, 7], "texture": "#missing"},
				"west": {"uv": [0, 0, 2, 7], "texture": "#missing"},
				"up": {"uv": [0, 0, 2, 2], "texture": "#missing"},
				"down": {"uv": [0, 0, 2, 2], "texture": "#missing"}
			}
		},
		{
			"name": "dot",
			"from": [7, 0, 3],
			"to": [9, 2, 13],
			"color": 1,
			"faces": {
				"north": {"uv": [0, 0, 2, 2], "texture": "#missing"},
				"east": {"uv": [0, 0, 10, 2], "texture": "#missing"},
				"south": {"uv": [0, 0, 2, 2], "texture": "#missing"},
				"west": {"uv": [0, 0, 10, 2], "texture": "#missing"},
				"up": {"uv": [0, 0, 2, 10], "texture": "#missing"},
				"down": {"uv": [0, 0, 2, 10], "texture": "#missing"}
			}
		},
		{
			"name": "dot2",
			"from": [3, 0, 7],
			"to": [13, 1.99, 9],
			"color": 5,
			"faces": {
				"north": {"uv": [0, 0, 10, 1.99], "texture": "#missing"},
				"east": {"uv": [0, 0, 2, 1.99], "texture": "#missing"},
				"south": {"uv": [0, 0, 10, 1.99], "texture": "#missing"},
				"west": {"uv": [0, 0, 2, 1.99], "texture": "#missing"},
				"up": {"uv": [0, 0, 10, 2], "texture": "#missing"},
				"down": {"uv": [0, 0, 10, 2], "texture": "#missing"}
			}
		}
	],
	"groups": [
		{
			"name": "bottom",
			"origin": [0, 0, 0],
			"color": 0,
			"children": [0, 1, 2, 3]
		},
		{
			"name": "left",
			"origin": [0, 0, 0],
			"color": 0,
			"children": [4, 5, 6, 7]
		},
		{
			"name": "right",
			"origin": [0, 0, 0],
			"color": 0,
			"children": [8, 9, 10, 11]
		},
		{
			"name": "back",
			"origin": [0, 0, 0],
			"color": 0,
			"children": [12, 13, 14, 15]
		},
		{
			"name": "front",
			"origin": [0, 0, 0],
			"color": 0,
			"children": [16, 17, 18, 19]
		},
		20,
		21
	]
}