{
	"definitions": [

		// Test Finish
		{
			"index": 0,
			"image": "legendarytooltips:textures/gui/originrealms_finishes.png",
			"startColor": "#ff03ff",
			"endColor": "#ff03ff",
			"bgStartColor": "30_#B02E26-v160_#F9801D-v190_#FED83D-v190_#80C71F-v190_#3AB3DA-v160_#8932B8-v160_#C74EBD-v160",
			"bgEndColor": "30_#F9801D-v170-s80_#FED83D-v160-s80_#80C71F-v120-s80_#3AB3DA-v120-s80_#8932B8-v120-s80_#C74EBD-v120-s80_#B02E26-v120-s80",
			"selectors": ["%Test"]
		},
		// Rainbow Finish
		{
			"index": 0,
			"image": "legendarytooltips:textures/gui/originrealms_finishes.png",
			"startColor": "30_#B02E26_#F9801D_#FED83D_#80C71F_#3AB3DA_#8932B8_#C74EBD",
			"endColor": "30_#F9801D_#FED83D_#80C71F_#3AB3DA_#8932B8_#C74EBD_#B02E26",
			"bgStartColor": "30_#B02E26-v160_#F9801D-v190_#FED83D-v190_#80C71F-v190_#3AB3DA-v160_#8932B8-v160_#C74EBD-v160",
			"bgEndColor": "30_#F9801D-v170-s80_#FED83D-v160-s80_#80C71F-v120-s80_#3AB3DA-v120-s80_#8932B8-v120-s80_#C74EBD-v120-s80_#B02E26-v120-s80",
			"selectors": ["&color=16711935"]
		},
		// Cosmo
		{
			"index": 11,
			"image": "legendarytooltips:textures/gui/originrealms2.png",
			"startColor": "#F6C928",
			"endColor": "#D88A0E",
			"bgStartColor": "#D01F2542",
			"bgEndColor": "#F01F2542",
			"selectors": ["%Cosmo's Hat","%Cosmos Robe","&xcore:item-registry-key=cosmos_hat_token","&xcore:item-registry-key=cosmos_robe_token","&xcore:item-registry-key=cosmo_crate_key","&xcore:item-identifier=cosmo_coin","^\ua8c1"]
		},
		// Jester
		{
			"index": 12,
			"image": "legendarytooltips:textures/gui/originrealms2.png",
			"startColor": "#FFCA0A",
			"endColor": "#E69304",
			"bgStartColor": "#D0521711-v40",
			"bgEndColor": "#F0521711",
			"selectors": ["&xcore:item-registry-key=gesture_crate_key"]
		},
		// Admin rank
		{
			"index": 7,
			"image": "legendarytooltips:textures/gui/originrealms2.png",
			"startColor": "#FFf5542e",
			"endColor": "#FFd92514",
			"bgStartColor": "#F4191c25",
			"bgEndColor": "#F4191c25",
			"selectors": ["%\ua401", "%\ua477"]
		},
		// Team rank
		{
			"index": 8,
			"image": "legendarytooltips:textures/gui/originrealms2.png",
			"startColor": "#FFffa84e",
			"endColor": "#FFe85e28",
			"bgStartColor": "#F4191c25",
			"bgEndColor": "#F4191c25",
			"selectors": ["%\ua45b"]
		},
		// Mod rank
		{
			"index": 6,
			"image": "legendarytooltips:textures/gui/originrealms2.png",
			"startColor": "#FF9655ac",
			"endColor": "#FF65488b",
			"bgStartColor": "#F4191c25",
			"bgEndColor": "#F4191c25",
			"selectors": ["%\ua465"]
		},
		// Media rank
		{
			"index": 5,
			"image": "legendarytooltips:textures/gui/originrealms2.png",
			"startColor": "#FF41edb3",
			"endColor": "#FF1ec9ad",
			"bgStartColor": "#F4191c25",
			"bgEndColor": "#F4191c25",
			"selectors": ["%\ua403"]
		},
		// Elite rank
		{
			"index": 4,
			"image": "legendarytooltips:textures/gui/originrealms2.png",
			"startColor": "#FFe76399",
			"endColor": "#FFd5488e",
			"bgStartColor": "#F4191c25",
			"bgEndColor": "#F4191c25",
			"selectors": ["%\ua404"]
		},
		// MVP rank
		{
			"index": 3,
			"image": "legendarytooltips:textures/gui/originrealms2.png",
			"startColor": "#FF76d0fb",
			"endColor": "#FF489fe1",
			"bgStartColor": "#F4191c25",
			"bgEndColor": "#F4191c25",
			"selectors": ["%\ua405"]
		},
		// PRO rank
		{
			"index": 2,
			"image": "legendarytooltips:textures/gui/originrealms2.png",
			"startColor": "#FFa9e055",
			"endColor": "#FF5dc365",
			"bgStartColor": "#F4191c25",
			"bgEndColor": "#F4191c25",
			"selectors": ["%\ua406"]
		},
		// VIP rank
		{
			"index": 1,
			"image": "legendarytooltips:textures/gui/originrealms2.png",
			"startColor": "#FFf7d75d",
			"endColor": "#FFeca641",
			"bgStartColor": "#F4191c25",
			"bgEndColor": "#F4191c25",
			"selectors": ["%\ua407"]
		},
		// Jacko Crops Golden
		{
			"index": 0,
			"image": "legendarytooltips:textures/gui/originrealms2.png",
			"startColor": "#FFffe375+r5+g5+v45_#FFfeaa2f-v15",
			"endColor": "#FFfeaa2f-v15_#FFffe375+r5+g5+v45",
			"bgStartColor": "#F0341d21",
			"bgEndColor": "#F0351b1d",
			"selectors": ["&Golden=1b"]
		},
		// Jacko Crops 3
		{
			"index": 10,
			"image": "legendarytooltips:textures/gui/originrealms1.png",
			"startColor": "#FF5f403a",
			"endColor": "#FF5f403a",
			"bgStartColor": "#F0341d21",
			"bgEndColor": "#F0351b1d",
			"selectors": ["&Stars=3","&CrateStars=3"]
		},
		// Jacko Crops 2
		{
			"index": 9,
			"image": "legendarytooltips:textures/gui/originrealms1.png",
			"startColor": "#FF5f403a",
			"endColor": "#FF5f403a",
			"bgStartColor": "#F0341d21",
			"bgEndColor": "#F0351b1d",
			"selectors": ["&Stars=2","&CrateStars=2"]
		},
		// Jacko Crops 1
		{
			"index": 8,
			"image": "legendarytooltips:textures/gui/originrealms1.png",
			"startColor": "#FF5f403a",
			"endColor": "#FF5f403a",
			"bgStartColor": "#F0341d21",
			"bgEndColor": "#F0351b1d",
			"selectors": ["&xcore:item-identifier=Crop","%\ua8b4"]
		},
		// Christmas
		{
			"index": 11,
			"image": "legendarytooltips:textures/gui/originrealms1.png",
			"startColor": "#FFfb3c52",
			"endColor": "#FFdb1a50",
			"bgStartColor": "#F4191c25",
			"bgEndColor": "15_#F4191c25_#F8044B8A",
			"selectors": ["^Festive", "^Christmas Exclusive", "%Christmas", "&xcore:item-registry-key=christmas_crate_key", "^\ua8cd"]
		},
		// Sculk
		{
			"index": 14,
			"image": "legendarytooltips:textures/gui/originrealms1.png",
			"startColor": "#FF00ffd1",
			"endColor": "#FF14bdb2",
			"bgStartColor": "#F4191c25",
			"bgEndColor": "15_#F4191c25_#F01e6964",
			"selectors": ["%Sculk", "%Echo", "echo_shard", "sculk", "sculk_sensor", "sculk_shrieker", "sculk_catalyst", "sculk_vein", "&echo_fork", "&echo_block"]
		},
		// Anniversary
		{
			"index": 7,
			"image": "legendarytooltips:textures/gui/originrealms1.png",
			"startColor": "#FFffe375+r5+g5+v45_#FFfeaa2f-v15",
			"endColor": "#FFfeaa2f-v15_#FFffe375+r5+g5+v45",
			"bgStartColor": "#F4291523",
			"bgEndColor": "15_#f06e2b2b_#F4291523",
			"selectors": ["^Anniversary"]
		},
		// May4th
		{
			"index": 6,
			"image": "legendarytooltips:textures/gui/originrealms1.png",
			"startColor": "#FFffd430",
			"endColor": "#FFffd430",
			"bgStartColor": "#F43A4C61-v65",
			"bgEndColor": "#F43A4C61-v65",
			"selectors": ["^May 4th"]
		},
		// MayDay
		{
			"index": 5,
			"image": "legendarytooltips:textures/gui/originrealms1.png",
			"startColor": "#FFffe375+r5+g5+v45_#FFfeaa2f-v15",
			"endColor": "#FFfeaa2f-v15_#FFffe375+r5+g5+v45",
			"bgStartColor": "#F43A4C61-v65",
			"bgEndColor": "#F03f3f63",
			"selectors": ["^May Day"]
		},
		// EarthDay
		{
			"index": 4,
			"image": "legendarytooltips:textures/gui/originrealms1.png",
			"startColor": "#FF0d9c5b",
			"endColor": "#FF5f403a",
			"bgStartColor": "#F0214132",
			"bgEndColor": "#F0341d21",
			"selectors": ["^Earth", "^\ua8c9"]
		},
		// CyberMonday
		{
			"index": 3,
			"image": "legendarytooltips:textures/gui/originrealms1.png",
			"startColor": "#FF474962",
			"endColor": "#FF474962",
			"bgStartColor": "#F0101928",
			"bgEndColor": "#F013343e",
			"selectors": ["^Cyber"]
		},
		// Thanksgiving
		{
			"index": 2,
			"image": "legendarytooltips:textures/gui/originrealms1.png",
			"startColor": "#FF714c41",
			"endColor": "#FF5f403a",
			"bgStartColor": "#F4281511",
			"bgEndColor": "#F0351b1d",
			"selectors": ["^Thanksgiving"]
		},
		// Easter
		{
			"index": 1,
			"image": "legendarytooltips:textures/gui/originrealms1.png",
			"startColor": "#FFe4a2f6+r5+g5+v45_#FFb786df-v15",
			"endColor": "#FFb786df-v15_#FFe4a2f6+r5+g5+v45",
			"bgStartColor": "30_#F4291523_#F4152821",
			"bgEndColor": "30_#F4291523_#F0494084",
			"selectors": ["^Easter Exclusive", "&xcore:item-registry-key=easter_crate_key"]
		},
		// Spring
		{
			"index": 9,
			"image": "legendarytooltips:textures/gui/originrealms2.png",
			"startColor": "#FFe4a2f6+r5+g5+v45_#FFb786df-v15",
			"endColor": "#FFb786df-v15_#FFe4a2f6+r5+g5+v45",
			"bgStartColor": "#F4291523_#F4152821",
			"bgEndColor": "#f02c545c_#F0494084",
			"selectors": ["^Spring Exclusive", "&xcore:item-registry-key=spring_crate_key", "^\ua8b6"]
		},
		
		// Patrick
		{
			"index": 0,
			"image": "legendarytooltips:textures/gui/originrealms1.png",
			"startColor": "#FFffe375+r5+g5+v45_#FFfeaa2f-v15",
			"endColor": "#FFfeaa2f-v15_#FFffe375+r5+g5+v45",
			"bgStartColor": "#F4291523",
			"bgEndColor": "#f066394b",
			"selectors": ["^Patrick", "%Patrick", "&xcore:item-registry-key=st_patricks_crate_key"]
		},
		// 3.  Smoke and flames
		{
			"index": 3,
			"startColor": "30_#FF912307_orangered-s45-v25_#FF912307+v50_#FF912307+r25+s50-v55",
			"endColor": "30_#FF818385-v15_#FF818385+r5+g5+v45_#FF818385-v45_#FF818385+r25+g25",
			"bgStartColor": "30_#FF912307-v105-a36_#F0120A00",
			"bgEndColor": "#F8818385-v120",
			"selectors": ["%Nether B", "%Nether Q", "%Nether G", "netherrack", "%Nylium", "crimson_fungus", "warped_fungus", "campfire", "fire_charge", "%Firework", "%Lava", "%Torch", "%Rocket Boots"]
		},
		
		// Halloween
		{
			"index": 14,
			"startColor": "#FFe68a19",
			"endColor": "#FFe68a19",
			"bgStartColor": "#F4291523",
			"bgEndColor": "#f066394b",
			"selectors": ["^Halloween", "^Spooky", "%Halloween", "&xcore:item-registry-key=halloween_crate_key", "&CapturedEntityType=pumpkin_spirit", "&CapturedEntityType=elder_pumpkin_spirit", "^\ua8c0"]
		},
		
		// Valentine
		{
			"index": 15,
			"startColor": "#EEA5B9",
			"endColor": "#F15073",
			"bgStartColor": "#D07F2B63-v80",
			"bgEndColor": "15_#F07F2B63-v40_#F07F2B63-v80",
			"selectors": ["^Valentine Exclusive", "&xcore:item-registry-key=chocolate_heart", "&xcore:item-registry-key=chocolate_berries", "&xcore:item-registry-key=valentines_crate_key"]
		},
		
		// 4.  Water / Ice
		{
			"index": 4,
			"startColor": "24_#FF008FCC-v25_#FF008FCC+s25+v85",
			"endColor": "24_#FF044B8A-v30_#FF044B8A+s25+v55",
			"bgStartColor": "#D0008FCC-v160",
			"bgEndColor": "#F8044B8A-v75",
			"selectors": ["sea_lantern", "heart_of_the_sea", "%Prismarine", "conduit", "nautilus_shell", "%Frost"]
		},
		// 4.1.  Summer
		{
			"index": 13,
			"startColor": "24_#FF51fab0-v25_#FF3db8bc+s25+v85",
			"endColor": "24_#FF3476ae-v30_#FF3476ae+s25+v55",
			"bgStartColor": "#D0008FCC-v160",
			"bgEndColor": "#F8044B8A-v75",
			"selectors": ["^Summer Holiday Exclusive","&xcore:item-registry-key=summer_crate_key", "^\ua8cb"]
		},
		// 5.  Rose and vines
		{
			"index": 5,
			"startColor": "#FF5C4C2D",
			"endColor": "#FF5C4C2D",
			"bgStartColor": "#F0160A00",
			"bgEndColor": "#F0160A00",
			"selectors": ["$minecraft:small_flowers", "$minecraft:flowers", "$minecraft:leaves", "$minecraft:saplings", "$minecraft:tall_flowers", "%Azalea", "%Dripleaf", "%Vines", "bamboo", "%Seed", "%Aubrieta", "%Amaryllis", "spore_blossom", "%Mango Pit"]
		},
		
		// 5.3.  Badger
		{
			"index": 12,
			"startColor": "#FF714c41",
			"endColor": "#FF5f403a",
			"bgStartColor": "#F02b1317",
			"bgEndColor": "#F0341d21",
			"selectors": ["%Badger", "^Badger", "^\ua8d1"]
		},
		// 5.1.  Lunar
		{
			"index": 11,
			"startColor": "#FFf5542e",
			"endColor": "#FFfeaa2f-v15_#FFffe375+r5+g5+v45",
			"bgStartColor": "#F4191c25",
			"bgEndColor": "15_#f0651626_#F4291523",
			"selectors": ["^Lunar New Year Exclusive","^Year Of The", "&xcore:item-registry-key=lunar_crate_key", "^\ua8cf"]
		},
		// LIMITED
		{
			"index": 10,
			"image": "legendarytooltips:textures/gui/originrealms2.png",
			"startColor": "#FFdff972",
			"endColor": "#FF72c545",
			"bgStartColor": "#F4191c25",
			"bgEndColor": "15_#F4191c25_#FF72c545-v130",
			"selectors": ["&CustomModelData=6134","&CustomModelData=6133","&CustomModelData=6135","&CustomModelData=6267","&CustomModelData=6287","%\ua476","^OR-Bit Plush Promotion","^Stage Event Exclusive","&CustomBlock=chanukah_candle","&CustomBlock=pride_banner","&CustomBlock=pride_flag","&xcore:item-identifier=lucky_horse_shoe","&xcore:item-registry-key=soil_large","&xcore:item-registry-key=soil_medium","&xcore:item-registry-key=soil_small"]
		},
		
		// 6.  Bones / death
		{
			"index": 6,
			"startColor": "#FF705A87",
			"endColor": "#FF705A87-v70+s15",
			"bgStartColor": "#E8705A87-v85+s15",
			"bgEndColor": "#F4705A87-v120+s35",
			"selectors": ["%Skull", "wither_rose", "%Obsidian", "respawn_anchor", "%Soul", "%Spirit"]
		},
		
		// 7.  Iron plating / machinery
		{
			"index": 7,
			"startColor": "#FF7D8A91",
			"endColor": "#FF7D8A91",
			"bgStartColor": "#F07D8A91-v125+s35",
			"bgEndColor": "#F47D8A91-v120+s55",
			"selectors": ["iron_door", "iron_trapdoor", "iron_block", "%Anvil", "%Minecart", "%Rail", "hopper", "observer", "dispenser", "dropper", "%Piston", "&color=8033951", "&xcore:item-identifier=platinum_sword", "&xcore:item-identifier=platinum_axe", "&xcore:item-identifier=platinum_pickaxe", "&xcore:item-identifier=platinum_shovel", "&xcore:item-identifier=platinum_hoe"]
		},
		
		// 8.  Purple geometric motif
		{
			"index": 8,
			"startColor": "#FFA591B6",
			"endColor": "#FFA591B6",
			"bgStartColor": "#E4A591B6-v155+s35",
			"bgEndColor": "#F4A591B6-v145+s35",
			"selectors": ["%End", "%Purpur", "%Chorus", "%Shulker"]
		},
		// 9.  Holy (halo / wings)
		{
			"index": 9,
			"startColor": "15_#FFFFFADB-v20+s35_#FFFFFADB+v30-s20",
			"endColor": "15_#FFFFDFAD-v20+s35_#FFFFDFAD+v30-s20",
			"bgStartColor": "#D8FFFADB-v245",
			"bgEndColor": "#F4FFDFAD-v210+s90",
			"selectors": ["elytra", "%Glow", "totem_of_undying", "&xcore:item-identifier=totem_of_keeping", "experience_bottle", "golden_carrot", "golden_apple", "enchanted_golden_apple", "%Ruby", "&xcore:item-registry-key=cosmo_crate_key"]
		},
		// 0.  Gold frame
		{
			"index": 0,
			"startColor": "#FFfabd38",
			"endColor": "#FFed932c",
			"bgStartColor": "#F4291523",
			"bgEndColor": "15_#f06e2b2b_#F4291523",
			"selectors": ["%Legendary", "%\ua475", "&xcore:item-identifier=legendary_sword", "&xcore:item-identifier=legendary_bow", "&xcore:item-identifier=legendary_pickaxe", "&xcore:item-identifier=legendary_axe", "&xcore:item-identifier=legendary_shovel", "&xcore:item-identifier=legendary_hoe", "&xcore:item-identifier=legendary_shield", "&xcore:item-registry-key=legendary_crate_key", "&CustomBlock=legendary_stand", "&CustomBlock=legendary_chandelier", "&CustomBlock=legendary_throne", "&CustomModelData=6131", "&CustomModelData=6130", "&CustomModelData=6132", "&CustomModelData=6286", "&xcore:item-registry-key=rocket_boots_90",
						  "!epic"]
		},
		// Netherite frame
		{
			"index": 12,
			"image": "legendarytooltips:textures/gui/originrealms1.png",
			"startColor": "#FF766a76",
			"endColor": "#FF5d565d",
			"bgStartColor": "#F4291523",
			"bgEndColor": "15_#f0651626_#F4291523",
			"selectors": ["netherite_sword", "netherite_shovel", "netherite_pickaxe", "netherite_axe", "netherite_hoe", "netherite_helmet", "netherite_chestplate", "netherite_leggings", "netherite_boots"]
		},
		// Relic tools frame [Toxic]
		{
			"index": 10,
			"startColor": "#FFb27fe6",
			"endColor": "#FF8963d7",
			"bgStartColor": "#F4191c25",
			"bgEndColor": "15_#F4191c25_#F03e2571",
			"selectors": ["&AppliedRelic=toxic_spores", "&xcore:item-registry-key=toxic_spores", "&xcore:item-identifier=toxic_sword", "&xcore:item-identifier=toxic_axe", "&xcore:item-identifier=toxic_pickaxe", "&xcore:item-identifier=toxic_shovel", "&xcore:item-identifier=toxic_hoe", "&xcore:item-identifier=toxic_boots", "&xcore:item-identifier=toxic_leggings", "&xcore:item-identifier=toxic_chestplate", "&xcore:item-identifier=toxic_helmet", "&CapturedEntityType=toxic_sporent"]
		},
		// Relic tools frame [Shadow]
		{
			"index": 13,
			"image": "legendarytooltips:textures/gui/originrealms1.png",
			"startColor": "#FFa378d8",
			"endColor": "#FF8a71c2",
			"bgStartColor": "#F4191c25",
			"bgEndColor": "#F4191c25_#F04a2675",
			"selectors": ["&AppliedRelic=wraith_ribs", "&xcore:item-registry-key=wraith_ribs", "&xcore:item-identifier=shadow_sword", "&xcore:item-identifier=shadow_axe", "&xcore:item-identifier=shadow_pickaxe", "&xcore:item-identifier=shadow_shovel", "&xcore:item-identifier=shadow_hoe", "&xcore:item-identifier=shadow_boots", "&xcore:item-identifier=shadow_leggings", "&xcore:item-identifier=shadow_chestplate", "&xcore:item-identifier=shadow_helmet", "&xcore:item-identifier=shadow_cloak", "&CapturedEntityType=wraith"]
		},
		// 1.0  Epic frame
		{
			"index": 1,
			"startColor": "#FFb27fe6",
			"endColor": "#FF8963d7",
			"bgStartColor": "#F4191c25",
			"bgEndColor": "15_#F4191c25_#F03e2571",
			"selectors": ["%\ua474", "&xcore:item-identifier=platinum", "^\ua45d", "&CustomModelData=6125", "&CustomModelData=6124", "&CustomModelData=6126", "&CustomModelData=6265", "&CustomModelData=6285"]
		},
		// 1.1  Rare frame
		{
			"index": 2,
			"startColor": "#FF5fc9eb",
			"endColor": "#FF4297da",
			"bgStartColor": "#F4191c25",
			"bgEndColor": "#F4191c25",
			"selectors": ["diamond_sword", "diamond_shovel", "diamond_pickaxe", "diamond_axe", "diamond_hoe", "diamond_helmet", "diamond_chestplate", "diamond_leggings", "diamond_boots",
						  "enchanted_book", "turtle_helmet", "tipped_arrow", "spectral_arrow", "!rare", "%\ua473", "&CustomModelData=6089", "&CustomModelData=6128", "&CustomModelData=6129", "&CustomModelData=6264", "&CustomModelData=6284", "%\ua473", "&xcore:item-registry-key=rare_crate_key", "&xcore:item-registry-key=cosmo_crate_key", "&xcore:item-registry-key=gesture_crate_key", "&xcore:item-registry-key=rocket_boots_30", "&xcore:item-identifier=totem_of_keeping", "&xcore:item-identifier=cosmo_coin"]
		},
		// 2.  Copper frame
		//{
		//	"index": 2,
		//	"startColor": "20_#FF70453D_#FF70453D_#FF70453D_#FF70453D_#FF70453D_#FF70453D_#FF70453D_#FF70453D_#FF70453D_#FF70453D_#FF70453D_#FF70453D_#FF70453D+v64-s32_#FF70453D",
		//	"endColor": "20_#FF542323_#FF542323_#FF542323_#FF542323_#FF542323_#FF542323_#FF542323_#FF542323_#FF542323_#FF542323_#FF542323_#FF542323_#FF542323_#FF542323+v64-s32",
		//	"bgStartColor": "#D070453D-v155",
		//	"bgEndColor": "#F4542323-v60",
		//	"selectors": ["iron_sword", "iron_shovel", "iron_pickaxe", "iron_axe", "iron_hoe", "iron_helmet", "iron_chestplate", "iron_leggings", "iron_boots",
		//				  "golden_sword", "golden_shovel", "golden_pickaxe", "golden_axe", "golden_hoe", "golden_helmet", "golden_chestplate", "golden_leggings", "golden_boots",
		//				  "%Chainmail", "compass", "clock", "spyglass", "shears", "%Bucket", "lead", "name_tag", "flint_and_steel", "bow", "crossbow", "trident", "shield", "%Watering"]
		//},
		// Default frame
		{
			"index": 15,
			"image": "legendarytooltips:textures/gui/originrealms1.png",
			"startColor": "#FF323441",
			"endColor": "#FF323441",
			"bgStartColor": "#F4191c25",
			"bgEndColor": "#F4191c25",
			"selectors": ["%a", "%b", "%c", "%d", "%e" , "%f", "%g", "%h", "%i", "%j", "%k", "%l", "%m", "%n", "%r", "%s", "%t", "%u", "%v", "%w", "%x", "%y", "%z", %A, "%B", "%C", "%D", "%E", "%F", "%G" , "%H", "%I", "%J", "%K", "%L", "%M", "%N", "%R", "%S", "%T", "%U", "%V", "%W", "%X", "%Y", "%Z"]
		}
		
	]
}