{
	"credit": "Made with Blockbench",
	"textures": {
		"1": "botania:item/ender_hand"
	},
	"elements": [
		{
			"from": [6, 0, 5],
			"to": [10, 4, 10],
			"faces": {
				"north": {"uv": [5, 0, 9, 4], "texture": "#1"},
				"east": {"uv": [0, 0, 5, 4], "texture": "#1"},
				"south": {"uv": [13, 0, 13, 0], "texture": "#1"},
				"west": {"uv": [5, 0, 0, 4], "texture": "#1"},
				"up": {"uv": [0, 4, 4, 9], "texture": "#1"},
				"down": {"uv": [4, 4, 8, 9], "texture": "#1"}
			}
		},
		{
			"from": [7, 3.5, 6],
			"to": [9, 4.5, 8],
			"faces": {
				"north": {"uv": [16, 3, 14, 2], "texture": "#1"},
				"east": {"uv": [14, 2, 16, 3], "texture": "#1"},
				"south": {"uv": [16, 2, 14, 3], "texture": "#1"},
				"west": {"uv": [14, 2, 16, 3], "texture": "#1"},
				"up": {"uv": [14, 0, 16, 2], "texture": "#1"},
				"down": {"uv": [14, 0, 16, 2], "texture": "#1"}
			}
		},
		{
			"from": [5.8, -0.2, 10],
			"to": [10.2, 4.2, 12.4],
			"faces": {
				"north": {"uv": [10, 4, 14, 8], "texture": "#1"},
				"east": {"uv": [10, 4, 8, 8], "texture": "#1"},
				"south": {"uv": [9, 0, 13, 4], "texture": "#1"},
				"west": {"uv": [8, 4, 10, 8], "texture": "#1"},
				"up": {"uv": [10, 8, 14, 10], "texture": "#1"},
				"down": {"uv": [10, 10, 14, 12], "texture": "#1"}
			}
		}
	],
	"display": {
		"thirdperson_righthand": {
			"translation": [0, 5.5, 3.25],
			"scale": [1.25, 1.25, 1.25]
		},
		"thirdperson_lefthand": {
			"translation": [0, 5.5, 3.25],
			"scale": [1.25, 1.25, 1.25]
		},
		"firstperson_righthand": {
			"rotation": [5, 11, 0],
			"translation": [-0.5, 8.75, 0.25],
			"scale": [1.25, 1.25, 1.25]
		},
		"firstperson_lefthand": {
			"rotation": [5, 11, 0],
			"translation": [-0.5, 8.75, 0.25],
			"scale": [1.25, 1.25, 1.25]
		},
		"ground": {
			"rotation": [25, 25, 0],
			"translation": [-0.5, 4, 0.5],
			"scale": [0.5, 0.5, 0.5]
		},
		"gui": {
			"rotation": [43, 133, 0],
			"translation": [-0.75, 5.5, 0],
			"scale": [1.4, 1.4, 1.4]
		},
		"head": {
			"translation": [0, 9.5, -4.25]
		},
		"fixed": {
			"rotation": [0, 90, 0],
			"translation": [-0.75, 7.25, -0.75],
			"scale": [1.2, 1.2, 1.2]
		}
	}
}