{
	"credit": "Made with Blockbench",
	"parent": "minecraft:item/generated",
	"textures": {
		"layer0": "botania:item/thorn_chakram"
	},
	"display": {
		"thirdperson_righthand": {
			"rotation": [45, 90, 0],
			"scale": [0.625, 0.625, 0.625]
		},
		"thirdperson_lefthand": {
			"rotation": [45, 90, 0],
			"scale": [0.625, 0.625, 0.625]
		},
		"firstperson_righthand": {
			"rotation": [-92, 100, 17],
			"translation": [1.5, 3.5, 0],
			"scale": [0.9, 0.9, 0.9]
		},
		"firstperson_lefthand": {
			"rotation": [92, 100, -17],
			"translation": [1.5, 3.5, 0],
			"scale": [0.9, 0.9, 0.9]
		},
		"ground": {
			"rotation": [90, 0, 0],
			"scale": [0.625, 0.625, 0.625]
		}
	}
}