{
    "variants": {
        "facing=down": {
            "model": "everythingcopper:block/exposed_copper_hopper"
        },
        "facing=east": {
            "model": "everythingcopper:block/exposed_copper_hopper_side",
            "y": 90
        },
        "facing=north": {
            "model": "everythingcopper:block/exposed_copper_hopper_side"
        },
        "facing=south": {
            "model": "everythingcopper:block/exposed_copper_hopper_side",
            "y": 180
        },
        "facing=west": {
            "model": "everythingcopper:block/exposed_copper_hopper_side",
            "y": 270
        }
    }
}