{
    "variants": {
        "facing=east": {
            "model": "everythingcopper:block/exposed_copper_anvil",
            "y": 270
        },
        "facing=north": {
            "model": "everythingcopper:block/exposed_copper_anvil",
            "y": 180
        },
        "facing=south": {
            "model": "everythingcopper:block/exposed_copper_anvil"
        },
        "facing=west": {
            "model": "everythingcopper:block/exposed_copper_anvil",
            "y": 90
        }
    }
}