{
    "variants": {
        "power=0": {
            "model": "everythingcopper:block/oxidized_copper_pressure_plate"
        },
        "power=1": {
            "model": "everythingcopper:block/oxidized_copper_pressure_plate_down"
        },
        "power=10": {
            "model": "everythingcopper:block/oxidized_copper_pressure_plate_down"
        },
        "power=11": {
            "model": "everythingcopper:block/oxidized_copper_pressure_plate_down"
        },
        "power=12": {
            "model": "everythingcopper:block/oxidized_copper_pressure_plate_down"
        },
        "power=13": {
            "model": "everythingcopper:block/oxidized_copper_pressure_plate_down"
        },
        "power=14": {
            "model": "everythingcopper:block/oxidized_copper_pressure_plate_down"
        },
        "power=15": {
            "model": "everythingcopper:block/oxidized_copper_pressure_plate_down"
        },
        "power=2": {
            "model": "everythingcopper:block/oxidized_copper_pressure_plate_down"
        },
        "power=3": {
            "model": "everythingcopper:block/oxidized_copper_pressure_plate_down"
        },
        "power=4": {
            "model": "everythingcopper:block/oxidized_copper_pressure_plate_down"
        },
        "power=5": {
            "model": "everythingcopper:block/oxidized_copper_pressure_plate_down"
        },
        "power=6": {
            "model": "everythingcopper:block/oxidized_copper_pressure_plate_down"
        },
        "power=7": {
            "model": "everythingcopper:block/oxidized_copper_pressure_plate_down"
        },
        "power=8": {
            "model": "everythingcopper:block/oxidized_copper_pressure_plate_down"
        },
        "power=9": {
            "model": "everythingcopper:block/oxidized_copper_pressure_plate_down"
        }
    }
}