{
    "variants": {
        "shape=ascending_east": {
            "model": "everythingcopper:block/oxidized_copper_rail_raised_ne",
            "y": 90
        },
        "shape=ascending_north": {
            "model": "everythingcopper:block/oxidized_copper_rail_raised_ne"
        },
        "shape=ascending_south": {
            "model": "everythingcopper:block/oxidized_copper_rail_raised_sw"
        },
        "shape=ascending_west": {
            "model": "everythingcopper:block/oxidized_copper_rail_raised_sw",
            "y": 90
        },
        "shape=east_west": {
            "model": "everythingcopper:block/oxidized_copper_rail",
            "y": 90
        },
        "shape=north_east": {
            "model": "everythingcopper:block/oxidized_copper_rail_corner",
            "y": 270
        },
        "shape=north_south": {
            "model": "everythingcopper:block/oxidized_copper_rail"
        },
        "shape=north_west": {
            "model": "everythingcopper:block/oxidized_copper_rail_corner",
            "y": 180
        },
        "shape=south_east": {
            "model": "everythingcopper:block/oxidized_copper_rail_corner"
        },
        "shape=south_west": {
            "model": "everythingcopper:block/oxidized_copper_rail_corner",
            "y": 90
        }
    }
}