{
	"definitions": [
        // Test borders
        {
            "image": "legendarytooltips:textures/gui/big_borders_0.png",
            "sizes": {
                "frameWidth": 128,
                "partSize": 16
            },
            "offsets": {
                "partOffset": 0,
                "cornerOffset": 2
            },
			"index": 0,
			"startColor": "#FF68625A",
			"endColor": "#FF68625A",
			"bgStartColor": "#F00C0A0D",
			"bgEndColor": "#F016120E",
			"selectors": [
                "&custom_rarity_id=custom:ancient_2"
            ]
        },
        {
            "image": "legendarytooltips:textures/gui/big_borders_0.png",
            "sizes": {
                "frameWidth": 128,
                "partSize": 16
            },
            "offsets": {
                "partOffset": 0,
                "cornerOffset": 2
            },
			"index": 1,
			"startColor": "#FF56736F",
			"endColor": "#FF56736F",
			"bgStartColor": "#F016211E",
			"bgEndColor": "#F01B2824",
			"selectors": [
                "&custom_rarity_id=custom:ancient_3"
            ]
        },
        {
            "image": "legendarytooltips:textures/gui/big_borders_0.png",
            "sizes": {
                "frameWidth": 128,
                "partSize": 16
            },
            "offsets": {
                "partOffset": 0,
                "cornerOffset": 2
            },
			"index": 8,
			"startColor": "#FF624D70",
			"endColor": "#FF624D70",
			"bgStartColor": "#F01A151E",
			"bgEndColor": "#F0211A26",
			"selectors": [
                "&custom_rarity_id=custom:ancient_4"
            ]
        },
        // Test borders end
        // Player borders
		// 0. EnsoX
		{
            "image": "legendarytooltips:textures/gui/player_borders_0.png",
			"index": 0,
			"startColor": "#FF000000",
			"endColor": "#FFFFFFFF",
			"bgStartColor": "#D8000000-v245",
			"bgEndColor": "#F4FFFFFF-v210",
			"selectors": [
                "&custom_rarity_id=owner:EnsoX"
            ]
		},
		// 1. Hisari
		{
            "image": "legendarytooltips:textures/gui/player_borders_0.png",
			"index": 1,
			"startColor": "#FFE9910F",
			"endColor": "#FF211638",
			"bgStartColor": "#D8E9910F-v245",
			"bgEndColor": "#F4211638-v210",
			"selectors": [
                "&custom_rarity_id=owner:Hisari"
            ]
		},
        // Player borders end
        // Tierify
		{
            "image": "legendarytooltips:textures/gui/tiered_borders_0.png",
            "index": 0,
            "startColor": "#BABABA",
            "endColor": "#565656",
            "selectors": [
                "&Tiered={Tier:\"tiered:common_armor_1\"}",
                "&Tiered={Tier:\"tiered:common_armor_2\"}",
                "&Tiered={Tier:\"tiered:common_armor_3\"}",
                "&Tiered={Tier:\"tiered:common_armor_4\"}",
                "&Tiered={Tier:\"tiered:common_tool_1\"}",
                "&Tiered={Tier:\"tiered:common_tool_2\"}",
                "&Tiered={Tier:\"tiered:common_tool_3\"}",
                "&Tiered={Tier:\"tiered:common_tool_4\"}",
                "&Tiered={Tier:\"tiered:common_melee_1\"}",
                "&Tiered={Tier:\"tiered:common_melee_2\"}",
                "&Tiered={Tier:\"tiered:common_melee_3\"}",
                "&Tiered={Tier:\"tiered:common_melee_4\"}",
                "&Tiered={Tier:\"tiered:common_ranged_1\"}",
                "&Tiered={Tier:\"tiered:common_ranged_2\"}",
                "&Tiered={Tier:\"tiered:common_ranged_3\"}",
                "&Tiered={Tier:\"tiered:common_ranged_4\"}",
                "&Tiered={Tier:\"tiered:common_fishing_1\"}",
                "&Tiered={Tier:\"tiered:common_fishing_2\"}",
                "&Tiered={Tier:\"tiered:common_fishing_3\"}",
                "&Tiered={Tier:\"tiered:common_fishing_4\"}",
                "&Tiered={Tier:\"tiered:common_shield_1\"}",
                "&Tiered={Tier:\"tiered:common_shield_2\"}",
                "&Tiered={Tier:\"tiered:common_shield_3\"}",
                "&Tiered={Tier:\"tiered:common_shield_4\"}",
                "&custom_rarity_id=rarity:common"
            ]
        },
        {
            "image": "legendarytooltips:textures/gui/tiered_borders_0.png",
            "index": 1,
            "startColor": "#3FC43A",
            "endColor": "#133F2A",
            "selectors": [
                "&Tiered={Tier:\"tiered:uncommon_armor_1\"}",
                "&Tiered={Tier:\"tiered:uncommon_armor_2\"}",
                "&Tiered={Tier:\"tiered:uncommon_armor_3\"}",
                "&Tiered={Tier:\"tiered:uncommon_armor_4\"}",
                "&Tiered={Tier:\"tiered:uncommon_tool_1\"}",
                "&Tiered={Tier:\"tiered:uncommon_tool_2\"}",
                "&Tiered={Tier:\"tiered:uncommon_tool_3\"}",
                "&Tiered={Tier:\"tiered:uncommon_tool_4\"}",
                "&Tiered={Tier:\"tiered:uncommon_melee_1\"}",
                "&Tiered={Tier:\"tiered:uncommon_melee_2\"}",
                "&Tiered={Tier:\"tiered:uncommon_melee_3\"}",
                "&Tiered={Tier:\"tiered:uncommon_melee_4\"}",
                "&Tiered={Tier:\"tiered:uncommon_ranged_1\"}",
                "&Tiered={Tier:\"tiered:uncommon_ranged_2\"}",
                "&Tiered={Tier:\"tiered:uncommon_ranged_3\"}",
                "&Tiered={Tier:\"tiered:uncommon_ranged_4\"}",
                "&Tiered={Tier:\"tiered:uncommon_fishing_1\"}",
                "&Tiered={Tier:\"tiered:uncommon_fishing_2\"}",
                "&Tiered={Tier:\"tiered:uncommon_fishing_3\"}",
                "&Tiered={Tier:\"tiered:uncommon_fishing_4\"}",
                "&Tiered={Tier:\"tiered:uncommon_shield_1\"}",
                "&Tiered={Tier:\"tiered:uncommon_shield_2\"}",
                "&Tiered={Tier:\"tiered:uncommon_shield_3\"}",
                "&Tiered={Tier:\"tiered:uncommon_shield_4\"}",
                "&custom_rarity_id=rarity:uncommon"
            ]
        },
        {
            "image": "legendarytooltips:textures/gui/tiered_borders_0.png",
            "index": 2,
            "startColor": "#163F54",
            "endColor": "#163F54",
            "selectors": [
                "diamond_sword", "diamond_shovel", "diamond_pickaxe", "diamond_axe", "diamond_hoe", "diamond_helmet", "diamond_chestplate", "diamond_leggings", "diamond_boots",
                "turtle_helmet", "tipped_arrow", "spectral_arrow",
                "&Tiered={Tier:\"tiered:rare_armor_1\"}",
                "&Tiered={Tier:\"tiered:rare_armor_2\"}",
                "&Tiered={Tier:\"tiered:rare_armor_3\"}",
                "&Tiered={Tier:\"tiered:rare_armor_4\"}",
                "&Tiered={Tier:\"tiered:rare_tool_1\"}",
                "&Tiered={Tier:\"tiered:rare_tool_2\"}",
                "&Tiered={Tier:\"tiered:rare_tool_3\"}",
                "&Tiered={Tier:\"tiered:rare_tool_4\"}",
                "&Tiered={Tier:\"tiered:rare_melee_1\"}",
                "&Tiered={Tier:\"tiered:rare_melee_2\"}",
                "&Tiered={Tier:\"tiered:rare_melee_3\"}",
                "&Tiered={Tier:\"tiered:rare_melee_4\"}",
                "&Tiered={Tier:\"tiered:rare_ranged_1\"}",
                "&Tiered={Tier:\"tiered:rare_ranged_2\"}",
                "&Tiered={Tier:\"tiered:rare_ranged_3\"}",
                "&Tiered={Tier:\"tiered:rare_ranged_4\"}",
                "&Tiered={Tier:\"tiered:rare_fishing_1\"}",
                "&Tiered={Tier:\"tiered:rare_fishing_2\"}",
                "&Tiered={Tier:\"tiered:rare_fishing_3\"}",
                "&Tiered={Tier:\"tiered:rare_fishing_4\"}",
                "&Tiered={Tier:\"tiered:rare_shield_1\"}",
                "&Tiered={Tier:\"tiered:rare_shield_2\"}",
                "&Tiered={Tier:\"tiered:rare_shield_3\"}",
                "&Tiered={Tier:\"tiered:rare_shield_4\"}",
                "&custom_rarity_id=rarity:rare"
            ]
        },
        {
            "image": "legendarytooltips:textures/gui/tiered_borders_0.png",
            "index": 3,
            "startColor": "#380F54",
            "endColor": "#380F54",
            "selectors": [
                "&Tiered={Tier:\"tiered:epic_armor_1\"}",
                "&Tiered={Tier:\"tiered:epic_armor_2\"}",
                "&Tiered={Tier:\"tiered:epic_armor_3\"}",
                "&Tiered={Tier:\"tiered:epic_armor_4\"}",
                "&Tiered={Tier:\"tiered:epic_tool_1\"}",
                "&Tiered={Tier:\"tiered:epic_tool_2\"}",
                "&Tiered={Tier:\"tiered:epic_tool_3\"}",
                "&Tiered={Tier:\"tiered:epic_tool_4\"}",
                "&Tiered={Tier:\"tiered:epic_melee_1\"}",
                "&Tiered={Tier:\"tiered:epic_melee_2\"}",
                "&Tiered={Tier:\"tiered:epic_melee_3\"}",
                "&Tiered={Tier:\"tiered:epic_melee_4\"}",
                "&Tiered={Tier:\"tiered:epic_ranged_1\"}",
                "&Tiered={Tier:\"tiered:epic_ranged_2\"}",
                "&Tiered={Tier:\"tiered:epic_ranged_3\"}",
                "&Tiered={Tier:\"tiered:epic_ranged_4\"}",
                "&Tiered={Tier:\"tiered:epic_fishing_1\"}",
                "&Tiered={Tier:\"tiered:epic_fishing_2\"}",
                "&Tiered={Tier:\"tiered:epic_fishing_3\"}",
                "&Tiered={Tier:\"tiered:epic_fishing_4\"}",
                "&Tiered={Tier:\"tiered:epic_shield_1\"}",
                "&Tiered={Tier:\"tiered:epic_shield_2\"}",
                "&Tiered={Tier:\"tiered:epic_shield_3\"}",
                "&Tiered={Tier:\"tiered:epic_shield_4\"}",
                "&custom_rarity_id=rarity:epic"
            ]
        },
        {
            "image": "legendarytooltips:textures/gui/tiered_borders_0.png",
            "index": 4,
            "startColor": "#6D3C24",
            "endColor": "#6D3C24",
            "selectors": [
                "%Legendary",
                "%Легендар",
                "&Tiered={Tier:\"tiered:legendary_armor_1\"}",
                "&Tiered={Tier:\"tiered:legendary_armor_2\"}",
                "&Tiered={Tier:\"tiered:legendary_armor_3\"}",
                "&Tiered={Tier:\"tiered:legendary_armor_4\"}",
                "&Tiered={Tier:\"tiered:legendary_tool_1\"}",
                "&Tiered={Tier:\"tiered:legendary_tool_2\"}",
                "&Tiered={Tier:\"tiered:legendary_tool_3\"}",
                "&Tiered={Tier:\"tiered:legendary_tool_4\"}",
                "&Tiered={Tier:\"tiered:legendary_melee_1\"}",
                "&Tiered={Tier:\"tiered:legendary_melee_2\"}",
                "&Tiered={Tier:\"tiered:legendary_melee_3\"}",
                "&Tiered={Tier:\"tiered:legendary_melee_4\"}",
                "&Tiered={Tier:\"tiered:legendary_ranged_1\"}",
                "&Tiered={Tier:\"tiered:legendary_ranged_2\"}",
                "&Tiered={Tier:\"tiered:legendary_ranged_3\"}",
                "&Tiered={Tier:\"tiered:legendary_ranged_4\"}",
                "&Tiered={Tier:\"tiered:legendary_fishing_1\"}",
                "&Tiered={Tier:\"tiered:legendary_fishing_2\"}",
                "&Tiered={Tier:\"tiered:legendary_fishing_3\"}",
                "&Tiered={Tier:\"tiered:legendary_fishing_4\"}",
                "&Tiered={Tier:\"tiered:legendary_shield_1\"}",
                "&Tiered={Tier:\"tiered:legendary_shield_2\"}",
                "&Tiered={Tier:\"tiered:legendary_shield_3\"}",
                "&Tiered={Tier:\"tiered:legendary_shield_4\"}",
                "&custom_rarity_id=rarity:legendary"
            ]
        },
        {
            "image": "legendarytooltips:textures/gui/tiered_borders_0.png",
            "index": 5,
            "startColor": "#6D2465",
            "endColor": "#541B4D",
            "selectors": [
                "&Tiered={Tier:\"tiered:mythic_armor_1\"}",
                "&Tiered={Tier:\"tiered:mythic_armor_2\"}",
                "&Tiered={Tier:\"tiered:mythic_armor_3\"}",
                "&Tiered={Tier:\"tiered:mythic_armor_4\"}",
                "&Tiered={Tier:\"tiered:mythic_tool_1\"}",
                "&Tiered={Tier:\"tiered:mythic_tool_2\"}",
                "&Tiered={Tier:\"tiered:mythic_tool_3\"}",
                "&Tiered={Tier:\"tiered:mythic_tool_4\"}",
                "&Tiered={Tier:\"tiered:mythic_melee_1\"}",
                "&Tiered={Tier:\"tiered:mythic_melee_2\"}",
                "&Tiered={Tier:\"tiered:mythic_melee_3\"}",
                "&Tiered={Tier:\"tiered:mythic_melee_4\"}",
                "&Tiered={Tier:\"tiered:mythic_ranged_1\"}",
                "&Tiered={Tier:\"tiered:mythic_ranged_2\"}",
                "&Tiered={Tier:\"tiered:mythic_ranged_3\"}",
                "&Tiered={Tier:\"tiered:mythic_ranged_4\"}",
                "&Tiered={Tier:\"tiered:mythic_fishing_1\"}",
                "&Tiered={Tier:\"tiered:mythic_fishing_2\"}",
                "&Tiered={Tier:\"tiered:mythic_fishing_3\"}",
                "&Tiered={Tier:\"tiered:mythic_fishing_4\"}",
                "&Tiered={Tier:\"tiered:mythic_shield_1\"}",
                "&Tiered={Tier:\"tiered:mythic_shield_2\"}",
                "&Tiered={Tier:\"tiered:mythic_shield_3\"}",
                "&Tiered={Tier:\"tiered:mythic_shield_4\"}",
                "&custom_rarity_id=rarity:mythic"
            ]
        },
        {
            "image": "legendarytooltips:textures/gui/tiered_borders_0.png",
            "index": 6,
            "startColor": "#751A31",
            "endColor": "#751A31",
            "selectors": [
                "&custom_rarity_id=rarity:god"
            ]
        },
		// Tierify end
        // Ranks borders
        // Admin rank
		{
            "image": "legendarytooltips:textures/gui/ranks_borders_0.png",
			"index": 7,
			"startColor": "#FFf5542e",
			"endColor": "#FFd92514",
			"bgStartColor": "#F4191c25",
			"bgEndColor": "#F4191c25",
			"selectors": ["%\ua401", "%\ua477", "&custom_rarity_id=role:admin"]
		},
		// Team rank
		{
            "image": "legendarytooltips:textures/gui/ranks_borders_0.png",
			"index": 6,
			"startColor": "#FFffa84e",
			"endColor": "#FFe85e28",
			"bgStartColor": "#F4191c25",
			"bgEndColor": "#F4191c25",
			"selectors": ["%\ua45b", "&custom_rarity_id=role:team"]
		},
		// Mod rank
		{
            "image": "legendarytooltips:textures/gui/ranks_borders_0.png",
			"index": 5,
			"startColor": "#FF9655ac",
			"endColor": "#FF65488b",
			"bgStartColor": "#F4191c25",
			"bgEndColor": "#F4191c25",
			"selectors": ["%\ua465", "&custom_rarity_id=role:mod"]
		},
		// Media rank
		{
            "image": "legendarytooltips:textures/gui/ranks_borders_0.png",
			"index": 4,
			"startColor": "#FF41edb3",
			"endColor": "#FF1ec9ad",
			"bgStartColor": "#F4191c25",
			"bgEndColor": "#F4191c25",
			"selectors": ["%\ua403", "&custom_rarity_id=role:media"]
		},
		// Elite rank
		{
            "image": "legendarytooltips:textures/gui/ranks_borders_0.png",
			"index": 3,
			"startColor": "#FFe76399",
			"endColor": "#FFd5488e",
			"bgStartColor": "#F4191c25",
			"bgEndColor": "#F4191c25",
			"selectors": ["%\ua404", "&custom_rarity_id=role:elite"]
		},
		// MVP rank
		{
            "image": "legendarytooltips:textures/gui/ranks_borders_0.png",
			"index": 2,
			"startColor": "#FF76d0fb",
			"endColor": "#FF489fe1",
			"bgStartColor": "#F4191c25",
			"bgEndColor": "#F4191c25",
			"selectors": ["%\ua405", "&custom_rarity_id=role:mvp"]
		},
		// PRO rank
		{
            "image": "legendarytooltips:textures/gui/ranks_borders_0.png",
			"index": 1,
			"startColor": "#FFa9e055",
			"endColor": "#FF5dc365",
			"bgStartColor": "#F4191c25",
			"bgEndColor": "#F4191c25",
			"selectors": ["%\ua406", "&custom_rarity_id=role:pro"]
		},
		// VIP rank
		{
            "image": "legendarytooltips:textures/gui/ranks_borders_0.png",
			"index": 0,
			"startColor": "#FFf7d75d",
			"endColor": "#FFeca641",
			"bgStartColor": "#F4191c25",
			"bgEndColor": "#F4191c25",
			"selectors": ["%\ua407", "&custom_rarity_id=role:vip"]
		},
        // Ranks borders end
        // Event borders
        // Valentine
		{
            "image": "legendarytooltips:textures/gui/event_borders_0.png",
			"index": 0,
			"startColor": "#EEA5B9",
			"endColor": "#F15073",
			"bgStartColor": "#D07F2B63-v80",
			"bgEndColor": "#F07F2B63-v40",
			"selectors": [
                "^Valentine Exclusive", "&xcore:item-registry-key=chocolate_heart", "&xcore:item-registry-key=chocolate_berries", "&xcore:item-registry-key=valentines_crate_key",
                "&custom_rarity_id=event:valentine"
            ]
		},
        // Patrick
		{
            "image": "legendarytooltips:textures/gui/event_borders_0.png",
			"index": 1,
			"startColor": "#FFffe375+r5+g5+v45_#FFfeaa2f-v15",
			"endColor": "#FFfeaa2f-v15_#FFffe375+r5+g5+v45",
			"bgStartColor": "#F4291523",
			"bgEndColor": "#f066394b",
			"selectors": [
                "^Patrick", "%Patrick", "&xcore:item-registry-key=st_patricks_crate_key",
                "&custom_rarity_id=event:patrick"
            ]
		},
        // Spring
		{
            "image": "legendarytooltips:textures/gui/event_borders_0.png",
			"index": 2,
			"startColor": "#FFe4a2f6+r5+g5+v45_#FFb786df-v15",
			"endColor": "#FFb786df-v15_#FFe4a2f6+r5+g5+v45",
			"bgStartColor": "#F4291523_#F4152821",
			"bgEndColor": "#f02c545c_#F0494084",
			"selectors": [
                "^Spring Exclusive", "&xcore:item-registry-key=spring_crate_key", "^\ua8b6",
                "&custom_rarity_id=event:spring"
            ]
		},
        // Easter
		{
            "image": "legendarytooltips:textures/gui/event_borders_0.png",
			"index": 3,
			"startColor": "#FFe4a2f6+r5+g5+v45_#FFb786df-v15",
			"endColor": "#FFb786df-v15_#FFe4a2f6+r5+g5+v45",
			"bgStartColor": "30_#F4291523_#F4152821",
			"bgEndColor": "30_#F4291523_#F0494084",
			"selectors": [
                "^Easter Exclusive", "&xcore:item-registry-key=easter_crate_key",
                "&custom_rarity_id=event:easter"
            ]
		},
		// Halloween
		{
            "image": "legendarytooltips:textures/gui/event_borders_0.png",
			"index": 4,
			"startColor": "#FFe68a19",
			"endColor": "#FFe68a19",
			"bgStartColor": "#F4291523",
			"bgEndColor": "#f066394b",
			"selectors": [
                "^Halloween", "^Spooky", "%Halloween", "&xcore:item-registry-key=halloween_crate_key", "&CapturedEntityType=pumpkin_spirit", "&CapturedEntityType=elder_pumpkin_spirit", "^\ua8c0",
                "&custom_rarity_id=event:halloween"
            ]
		},
        // Christmas
		{
            "image": "legendarytooltips:textures/gui/event_borders_0.png",
			"index": 5,
			"startColor": "#FFfb3c52",
			"endColor": "#FFdb1a50",
			"bgStartColor": "#F4191c25",
			"bgEndColor": "15_#F4191c25_#F8044B8A",
			"selectors": [
                "^Festive", "^Christmas Exclusive", "%Christmas", "&xcore:item-registry-key=christmas_crate_key", "^\ua8cd",
                "&custom_rarity_id=event:christmas"
            ]
		},
        // Cosmo
		{
            "image": "legendarytooltips:textures/gui/event_borders_0.png",
			"index": 6,
			"startColor": "#F6C928",
			"endColor": "#D88A0E",
			"bgStartColor": "#D01F2542",
			"bgEndColor": "#F01F2542",
			"selectors": [
                "%Cosmo's Hat","%Cosmos Robe","&xcore:item-registry-key=cosmos_hat_token","&xcore:item-registry-key=cosmos_robe_token","&xcore:item-registry-key=cosmo_crate_key","&xcore:item-identifier=cosmo_coin","^\ua8c1",
                "&custom_rarity_id=event:cosmo"
            ]
		},
        // Jester
		{
            "image": "legendarytooltips:textures/gui/event_borders_0.png",
			"index": 7,
			"startColor": "#FFCA0A",
			"endColor": "#E69304",
			"bgStartColor": "#D0521711-v40",
			"bgEndColor": "#F0521711",
			"selectors": [
                "&xcore:item-registry-key=gesture_crate_key",
                "&custom_rarity_id=event:jester"
            ]
		},
        // Harvest 1
		{
            "image": "legendarytooltips:textures/gui/event_borders_0.png",
			"index": 8,
			"startColor": "#FF5f403a",
			"endColor": "#FF5f403a",
			"bgStartColor": "#F0341d21",
			"bgEndColor": "#F0351b1d",
			"selectors": [
                "&xcore:item-identifier=Crop",
                "%\ua8b4",
                "&custom_rarity_id=event:harvest_1"
            ]
		},
        // Harvest 2
		{
            "image": "legendarytooltips:textures/gui/event_borders_0.png",
			"index": 9,
			"startColor": "#FF5f403a",
			"endColor": "#FF5f403a",
			"bgStartColor": "#F0341d21",
			"bgEndColor": "#F0351b1d",
			"selectors": [
                "&Stars=2",
                "&CrateStars=2",
                "&custom_rarity_id=event:harvest_2"
            ]
		},
        // Harvest 3
		{
            "image": "legendarytooltips:textures/gui/event_borders_0.png",
			"index": 10,
			"startColor": "#FF5f403a",
			"endColor": "#FF5f403a",
			"bgStartColor": "#F0341d21",
			"bgEndColor": "#F0351b1d",
			"selectors": [
                "&Stars=3",
                "&CrateStars=3",
                "&custom_rarity_id=event:harvest_3"
            ]
		},
        // Harvest Golden
		{
            "image": "legendarytooltips:textures/gui/event_borders_0.png",
			"index": 11,
			"startColor": "#FFffe375+r5+g5+v45_#FFfeaa2f-v15",
			"endColor": "#FFfeaa2f-v15_#FFffe375+r5+g5+v45",
			"bgStartColor": "#F0341d21",
			"bgEndColor": "#F0351b1d",
			"selectors": [
                "&Golden=1b",
                "&custom_rarity_id=event:harvest_gold"
            ]
		},
		// Valentine 2
		{
            "image": "legendarytooltips:textures/gui/event_borders_0.png",
			"index": 12,
			"startColor": "#EEA5B9",
			"endColor": "#F15073",
			"bgStartColor": "#D07F2B63-v80",
			"bgEndColor": "15_#F07F2B63-v40_#F07F2B63-v80",
			"selectors": [
                "^Valentine Exclusive", "&xcore:item-registry-key=chocolate_heart", "&xcore:item-registry-key=chocolate_berries", "&xcore:item-registry-key=valentines_crate_key",
                "&custom_rarity_id=event:valentine_2"
            ]
		},
        // Event borders end
        // Theme borders
        // Pokemon
        {
            "image": "legendarytooltips:textures/gui/themed_borders_0.png",
            "index": 0,
            "startColor": "#5D1515",
            "endColor": "#5D1515",
            "selectors": [
                "&custom_rarity_id=theme:pokemon"
            ]
        },
        // Star Wars
		{
            "image": "legendarytooltips:textures/gui/themed_borders_0.png",
			"index": 1,
			"startColor": "#FFffd430",
			"endColor": "#FFffd430",
			"bgStartColor": "#F43A4C61-v65",
			"bgEndColor": "#F43A4C61-v65",
			"selectors": [
                "^May 4th",
                "&custom_rarity_id=theme:star_wars"
            ]
		},
        // Theme borders end
        // Elemental borders
        {
            "image": "legendarytooltips:textures/gui/elemental_borders_0.png",
            "index": 0,
            "startColor": "#1C265E",
            "endColor": "#1C265E",
            "selectors": [
                "&custom_rarity_id=element:aqua"
            ]
        },
        {
            "image": "legendarytooltips:textures/gui/elemental_borders_0.png",
            "index": 1,
            "startColor": "#FFFFFF",
            "endColor": "#FFFFFF",
            "selectors": [
                "&custom_rarity_id=element:wind"
            ]
        },
        {
            "image": "legendarytooltips:textures/gui/elemental_borders_0.png",
            "index": 2,
            "startColor": "#C6070E",
            "endColor": "#AD060F",
            "selectors": [
                "&custom_rarity_id=element:fire"
            ]
        },
        {
            "image": "legendarytooltips:textures/gui/elemental_borders_0.png",
            "index": 3,
            "startColor": "#100110",
            "endColor": "#100110",
            "selectors": [
                "&custom_rarity_id=element:poison"
            ]
        },
        // Elemental borders end
        // Custom borders
        // Thaum and enchathing 2
        {
            "image": "legendarytooltips:textures/gui/custom_borders_0.png",
            "index": 0,
            "startColor": "#542D04",
            "endColor": "#542D04",
            "selectors": [
                "@thaumcraft",
                "&custom_rarity_id=custom:enchanted_2"
            ]
        },
        // Sea
		{
            "image": "legendarytooltips:textures/gui/custom_borders_0.png",
			"index": 1,
			"startColor": "24_#FF51fab0-v25_#FF3db8bc+s25+v85",
			"endColor": "24_#FF3476ae-v30_#FF3476ae+s25+v55",
			"bgStartColor": "#D0008FCC-v160",
			"bgEndColor": "#F8044B8A-v75",
			"selectors": [
                "^Summer Holiday Exclusive","&xcore:item-registry-key=summer_crate_key", "^\ua8cb",
                "&custom_rarity_id=custom:sea"
            ]
		},
        // Lunar
		{
            "image": "legendarytooltips:textures/gui/custom_borders_0.png",
			"index": 2,
			"startColor": "#d8e4f2",
			"endColor": "#9cabd6",
			"bgStartColor": "#D03A4C61-v50",
			"bgEndColor": "#F03f3f63",
			"selectors": [
                "&custom_rarity_id=custom:lunar"
            ]
		},
        // Autumn
		{
            "image": "legendarytooltips:textures/gui/custom_borders_0.png",
			"index": 3,
			"startColor": "#FF714c41",
			"endColor": "#FF5f403a",
			"bgStartColor": "#F4281511",
			"bgEndColor": "#F0351b1d",
			"selectors": [
                "^Thanksgiving",
                "&custom_rarity_id=custom:autumn"
            ]
		},
        // EarthDay
		{
            "image": "legendarytooltips:textures/gui/custom_borders_0.png",
			"index": 4,
			"startColor": "#FF0d9c5b",
			"endColor": "#FF5f403a",
			"bgStartColor": "#F0214132",
			"bgEndColor": "#F0341d21",
			"selectors": [
                "^Earth", "^\ua8c9",
                "&custom_rarity_id=custom:earth_day"
            ]
		},
        // Anniversary
		{
            "image": "legendarytooltips:textures/gui/custom_borders_0.png",
			"index": 5,
			"startColor": "#FFffe375+r5+g5+v45_#FFfeaa2f-v15",
			"endColor": "#FFfeaa2f-v15_#FFffe375+r5+g5+v45",
			"bgStartColor": "#F4291523",
			"bgEndColor": "15_#f06e2b2b_#F4291523",
			"selectors": [
                "^Anniversary",
                "&custom_rarity_id=custom:anniversary"
            ]
		},
        // Cat
		{
            "image": "legendarytooltips:textures/gui/custom_borders_0.png",
			"index": 6,
			"startColor": "#FFffe375+r5+g5+v45_#FFfeaa2f-v15",
			"endColor": "#FFfeaa2f-v15_#FFffe375+r5+g5+v45",
			"bgStartColor": "#F43A4C61-v65",
			"bgEndColor": "#F03f3f63",
			"selectors": [
                "^May Day",
                "&custom_rarity_id=custom:cat"
            ]
		},
        // Ufo
		{
            "image": "legendarytooltips:textures/gui/custom_borders_0.png",
			"index": 7,
			"startColor": "#FF474962",
			"endColor": "#FF474962",
			"bgStartColor": "#F0101928",
			"bgEndColor": "#F013343e",
			"selectors": [
                "^Cyber",
                "&custom_rarity_id=custom:ufo"
            ]
		},
         // Custom Epic frame
         {
            "image": "legendarytooltips:textures/gui/custom_borders_0.png",
            "index": 10,
            "startColor": "#FFb27fe6",
            "endColor": "#FF8963d7",
            "bgStartColor": "#F4191c25",
            "bgEndColor": "15_#F4191c25_#F03e2571",
            "selectors": [
                "%\ua474", "&xcore:item-identifier=platinum", "^\ua45d", "&CustomModelData=6125", "&CustomModelData=6124", "&CustomModelData=6126", "&CustomModelData=6265", "&CustomModelData=6285",
                "&custom_rarity_id=custom:epic"
            ]
        },
        // Custom Rare frame
        {
            "image": "legendarytooltips:textures/gui/custom_borders_0.png",
            "index": 11,
            "startColor": "#FF5fc9eb",
            "endColor": "#FF4297da",
            "bgStartColor": "#F4191c25",
            "bgEndColor": "#F4191c25",
            "selectors": [
                "%\ua473", "&CustomModelData=6089", "&CustomModelData=6128", "&CustomModelData=6129", "&CustomModelData=6264", "&CustomModelData=6284", "%\ua473", "&xcore:item-registry-key=rare_crate_key", "&xcore:item-registry-key=cosmo_crate_key", "&xcore:item-registry-key=gesture_crate_key", "&xcore:item-registry-key=rocket_boots_30", "&xcore:item-identifier=totem_of_keeping", "&xcore:item-identifier=cosmo_coin",
                "&custom_rarity_id=custom:rare"
            ]
        },
        // LIMITED Green
		{
            "image": "legendarytooltips:textures/gui/custom_borders_0.png",
			"index": 12,
			"startColor": "#FFdff972",
			"endColor": "#FF72c545",
			"bgStartColor": "#F4191c25",
			"bgEndColor": "15_#F4191c25_#FF72c545-v130",
			"selectors": [
                "&CustomModelData=6134","&CustomModelData=6133","&CustomModelData=6135","&CustomModelData=6267","&CustomModelData=6287","%\ua476","^OR-Bit Plush Promotion","^Stage Event Exclusive","&CustomBlock=chanukah_candle","&CustomBlock=pride_banner","&CustomBlock=pride_flag","&xcore:item-identifier=lucky_horse_shoe","&xcore:item-registry-key=soil_large","&xcore:item-registry-key=soil_medium","&xcore:item-registry-key=soil_small",
                "&custom_rarity_id=custom:limited_green"
            ]
		},
        // Relic tools frame [Shadow]
        {
            "image": "legendarytooltips:textures/gui/custom_borders_0.png",
            "index": 13,
            "startColor": "#FFa378d8",
            "endColor": "#FF8a71c2",
            "bgStartColor": "#F4191c25",
            "bgEndColor": "#F4191c25_#F04a2675",
            "selectors": [
                "&AppliedRelic=wraith_ribs", "&xcore:item-registry-key=wraith_ribs", "&xcore:item-identifier=shadow_sword", "&xcore:item-identifier=shadow_axe", "&xcore:item-identifier=shadow_pickaxe", "&xcore:item-identifier=shadow_shovel", "&xcore:item-identifier=shadow_hoe", "&xcore:item-identifier=shadow_boots", "&xcore:item-identifier=shadow_leggings", "&xcore:item-identifier=shadow_chestplate", "&xcore:item-identifier=shadow_helmet", "&xcore:item-identifier=shadow_cloak", "&CapturedEntityType=wraith",
                "&custom_rarity_id=custom:relic_shadow"
            ]
        },
        // Custom Default frame
        {
            "image": "legendarytooltips:textures/gui/custom_borders_0.png",
            "index": 15,
            "startColor": "#FF323441",
            "endColor": "#FF323441",
            "bgStartColor": "#F4191c25",
            "bgEndColor": "#F4191c25",
            "selectors": [
                "&custom_rarity_id=custom:default"
            ]
        },
        // Nature magic
        {
            "image": "legendarytooltips:textures/gui/custom_borders_1.png",
            "index": 0,
            "startColor": "#FFC5FF8B",
            "endColor": "#FF9BEB4A",
            "bgStartColor": "#CC023C00",
            "bgEndColor": "#CC023C00",
            "selectors": [
                "&custom_rarity_id=custom:nature_magic"
            ]
        },
        // Nature crystal
        {
            "image": "legendarytooltips:textures/gui/custom_borders_1.png",
            "index": 1,
            "startColor": "#FFF9C8F3",
            "endColor": "#FFF783A1",
            "bgStartColor": "#CC31002B",
            "bgEndColor": "#CC31002B",
            "selectors": [
                "&custom_rarity_id=custom:nature_crystal"
            ]
        },
        // Gold crystal
        {
            "image": "legendarytooltips:textures/gui/custom_borders_1.png",
            "index": 2,
            "startColor": "#FFB3D9FF",
            "endColor": "#FFF3C1F7",
            "bgStartColor": "#CC160A00",
            "bgEndColor": "#CC160A00",
            "selectors": [
                "&custom_rarity_id=custom:gold_crystal"
            ]
        },
        // Netherite 2
        {
            "image": "legendarytooltips:textures/gui/custom_borders_1.png",
            "index": 3,
            "startColor": "#FFC04D4D",
            "endColor": "#FFA33030",
            "bgStartColor": "#CC350808",
            "bgEndColor": "#CC350808",
            "selectors": [
                "&custom_rarity_id=custom:netherite_2"
            ]
        },
        // Steampunk
        {
            "image": "legendarytooltips:textures/gui/custom_borders_1.png",
            "index": 4,
            "startColor": "#FFE3AB83",
            "endColor": "#FFDC8840",
            "bgStartColor": "#CC7B2B05",
            "bgEndColor": "#CC7B2B05",
            "selectors": [
                "&custom_rarity_id=custom:steampunk"
            ]
        },
        // Underworld
        {
            "image": "legendarytooltips:textures/gui/custom_borders_1.png",
            "index": 5,
            "startColor": "#FFA5F0C3",
            "endColor": "#FF2ADB94",
            "bgStartColor": "#CC2A4037",
            "bgEndColor": "#CC2A4037",
            "selectors": [
                "&custom_rarity_id=custom:underworld"
            ]
        },
        // Tech
        {
            "image": "legendarytooltips:textures/gui/custom_borders_1.png",
            "index": 6,
            "startColor": "#FF00AFFF",
            "endColor": "#FFFF5E00",
            "bgStartColor": "#F01A262E",
            "bgEndColor": "#F01A262E",
            "selectors": [
                "&custom_rarity_id=custom:tech"
            ]
        },
        // RF flux
        {
            "image": "legendarytooltips:textures/gui/custom_borders_1.png",
            "index": 7,
            "startColor": "#FFCA1820",
            "endColor": "#FF880005",
            "bgStartColor": "#CC440002",
            "bgEndColor": "#CC440002",
            "selectors": [
                "&custom_rarity_id=custom:rf_flux"
            ]
        },
        // Energy crystal
        {
            "image": "legendarytooltips:textures/gui/custom_borders_1.png",
            "index": 8,
            "startColor": "#FFF9C54D",
            "endColor": "#FFDA6171",
            "bgStartColor": "#CC791E02",
            "bgEndColor": "#CC791E02",
            "selectors": [
                "&custom_rarity_id=custom:energy_crystal"
            ]
        },
        // Ender IO
        {
            "image": "legendarytooltips:textures/gui/custom_borders_1.png",
            "index": 9,
            "startColor": "#FF32E5FF",
            "endColor": "#FF29E397",
            "bgStartColor": "#CC082B36",
            "bgEndColor": "#CC082B36",
            "selectors": [
                "&custom_rarity_id=custom:ender_io"
            ]
        },
        // Applied energistics
        {
            "image": "legendarytooltips:textures/gui/custom_borders_1.png",
            "index": 10,
            "startColor": "#FFA7C7FF",
            "endColor": "#FFAEA7FF",
            "bgStartColor": "#CC030955",
            "bgEndColor": "#CC030955",
            "selectors": [
                "&custom_rarity_id=custom:applied_energistics"
            ]
        },
        // Draconic Evolution
        {
            "image": "legendarytooltips:textures/gui/custom_borders_1.png",
            "index": 11,
            "startColor": "#FFFF931C",
            "endColor": "#FFCB2A00",
            "bgStartColor": "#CC2D1C31",
            "bgEndColor": "#CC2D1C31",
            "selectors": [
                "&custom_rarity_id=custom:draconic_evolution"
            ]
        },
        // Industrial craft
        {
            "image": "legendarytooltips:textures/gui/custom_borders_1.png",
            "index": 12,
            "startColor": "#FFA3EDFF",
            "endColor": "#FF37D7FF",
            "bgStartColor": "#CC182846",
            "bgEndColor": "#CC182846",
            "selectors": [
                "&custom_rarity_id=custom:industrial_craft"
            ]
        },
        // Tinkers construct
        {
            "image": "legendarytooltips:textures/gui/custom_borders_1.png",
            "index": 13,
            "startColor": "#FFFFFC50",
            "endColor": "#FFFF2600",
            "bgStartColor": "#CC560600",
            "bgEndColor": "#CC560600",
            "selectors": [
                "&custom_rarity_id=custom:tinkers_construct"
            ]
        },
        // Architecture
        {
            "image": "legendarytooltips:textures/gui/custom_borders_1.png",
            "index": 14,
            "startColor": "#FFE2D8DF",
            "endColor": "#FFAAA2A9",
            "bgStartColor": "#CC0E2E33",
            "bgEndColor": "#CC0E2E33",
            "selectors": [
                "&custom_rarity_id=custom:architecture"
            ]
        },
        // Harvest craft
        {
            "image": "legendarytooltips:textures/gui/custom_borders_1.png",
            "index": 15,
            "startColor": "#FFBEE75E",
            "endColor": "#FF78C244",
            "bgStartColor": "#CC023C00",
            "bgEndColor": "#CC023C00",
            "selectors": [
                "&custom_rarity_id=custom:harvest_craft"
            ]
        },
        // Custom Common Frame
		{
            "image": "legendarytooltips:textures/gui/custom_borders_2.png",
			"index": 0,
			"startColor": "#828282",
			"endColor": "#616161",
			"bgStartColor": "#D0191919",
			"bgEndColor": "#F0191919",
			"selectors": [
                "&CustomModelData=6097","&CustomModelData=6098","&CustomModelData=6263","&CustomModelData=6283","%\ua472",
                "&custom_rarity_id=custom:common"
            ]
		},
		// Custom Rare Frame 2
		{
            "image": "legendarytooltips:textures/gui/custom_borders_2.png",
			"index": 1,
			"startColor": "#0099DB",
			"endColor": "#0073A4",
			"bgStartColor": "#D0001B26",
			"bgEndColor": "#F0001B26",
			"selectors": [
                "&CustomModelData=6128","&CustomModelData=6129","&CustomModelData=6264","&CustomModelData=6284","%\ua473","&xcore:item-registry-key=rare_crate_key","&xcore:item-registry-key=cosmo_crate_key","&xcore:item-registry-key=gesture_crate_key","&xcore:item-registry-key=rocket_boots_30","&xcore:item-identifier=totem_of_keeping","&xcore:item-identifier=cosmo_coin","^\ua8c1",
                "&custom_rarity_id=custom:rare_2"
            ]
		},
		// Custom Epic Frame 2
		{
            "image": "legendarytooltips:textures/gui/custom_borders_2.png",
			"index": 2,
			"startColor": "#8B5CF6",
			"endColor": "#6845B8",
			"bgStartColor": "#D018102B",
			"bgEndColor": "#F018102B",
			"selectors": [
                "&CustomModelData=6125","&CustomModelData=6124","&CustomModelData=6126","&CustomModelData=6265","&CustomModelData=6285","%\ua474","&xcore:item-identifier=ancient_pickaxe",
                "&custom_rarity_id=custom:epic_2"
            ]
		},
		// Custom Legendary Frame
		{
            "image": "legendarytooltips:textures/gui/custom_borders_2.png",
			"index": 3,
			"startColor": "#F49E0B",
			"endColor": "#B77608",
			"bgStartColor": "#D0281901",
			"bgEndColor": "#F0281901",
			"selectors": [
                "&CustomModelData=6131","&CustomModelData=6130","&CustomModelData=6132","&CustomModelData=6286","%\ua475","&xcore:item-identifier=painting","&xcore:item-registry-key=rocket_boots_90",
                "&custom_rarity_id=custom:legendary"
            ]
		},
		// Custom Limited Frame
		{
            "image": "legendarytooltips:textures/gui/custom_borders_2.png",
			"index": 4,
			"startColor": "#7EBE1B",
			"endColor": "#5E8E14",
			"bgStartColor": "#D0111903",
			"bgEndColor": "#F0111903",
			"selectors": [
                "&CustomModelData=6134","&CustomModelData=6133","&CustomModelData=6135","&CustomModelData=6267","&CustomModelData=6287","%\ua476","^OR-Bit Plush Promotion","^Stage Event Exclusive","&CustomBlock=chanukah_candle","&CustomBlock=pride_banner","&CustomBlock=pride_flag","&xcore:item-identifier=lucky_horse_shoe","&xcore:item-registry-key=soil_large","&xcore:item-registry-key=soil_medium","&xcore:item-registry-key=soil_small",
                "&custom_rarity_id=custom:limited_green_2"
            ]
		},
		// Custom Exclusive Frame
		{
            "image": "legendarytooltips:textures/gui/custom_borders_2.png",
			"index": 5,
			"startColor": "#EA323C",
			"endColor": "#AF252D",
			"bgStartColor": "#D02D0A0B",
			"bgEndColor": "#F02D0A0B",
			"selectors": [
                "%\ua477",
                "&custom_rarity_id=custom:exclusive_red"
            ]
		},
        // Dracula
		{
            "image": "legendarytooltips:textures/gui/custom_borders_2.png",
			"index": 6,
			"startColor": "#881017",
			"endColor": "#6E0D14",
			"bgStartColor": "#F0271C2B",
			"bgEndColor": "#F0271C2B",
			"selectors": [
                "&xcore:item-registry-key=dracula_robe_token","%Dracula Robe",
                "&custom_rarity_id=custom:vampiric"
            ]
		},
        // Relic tools frame [Toxic]
        {
            "image": "legendarytooltips:textures/gui/custom_borders_2.png",
            "index": 7,
            "startColor": "#FFb27fe6",
            "endColor": "#FF8963d7",
            "bgStartColor": "#F4191c25",
            "bgEndColor": "15_#F4191c25_#F03e2571",
            "selectors": [
                "&AppliedRelic=toxic_spores", "&xcore:item-registry-key=toxic_spores", "&xcore:item-identifier=toxic_sword", "&xcore:item-identifier=toxic_axe", "&xcore:item-identifier=toxic_pickaxe", "&xcore:item-identifier=toxic_shovel", "&xcore:item-identifier=toxic_hoe", "&xcore:item-identifier=toxic_boots", "&xcore:item-identifier=toxic_leggings", "&xcore:item-identifier=toxic_chestplate", "&xcore:item-identifier=toxic_helmet", "&CapturedEntityType=toxic_sporent",
                "&custom_rarity_id=custom:relic_toxic"
            ]
        },
        // Lunar New Year
        {
            "image": "legendarytooltips:textures/gui/custom_borders_2.png",
            "index": 8,
            "startColor": "#FFf5542e",
            "endColor": "#FFfeaa2f-v15_#FFffe375+r5+g5+v45",
            "bgStartColor": "#F4191c25",
            "bgEndColor": "15_#f0651626_#F4291523",
            "selectors": [
                "^Lunar New Year Exclusive","^Year Of The", "&xcore:item-registry-key=lunar_crate_key", "^\ua8cf",
                "&custom_rarity_id=custom:lunar_new_year"
            ]
        },
		// Badger
		{
            "image": "legendarytooltips:textures/gui/custom_borders_2.png",
			"index": 9,
			"startColor": "#FF714c41",
			"endColor": "#FF5f403a",
			"bgStartColor": "#F02b1317",
			"bgEndColor": "#F0341d21",
			"selectors": [
                "%Badger", "^Badger", "^\ua8d1",
                "&custom_rarity_id=custom:badger"
            ]
		},
        // Sakura
		{
            "image": "legendarytooltips:textures/gui/custom_borders_2.png",
			"index": 10,
			"startColor": "#FF663931",
			"endColor": "#FFC280AD",
			"bgStartColor": "#F02D1A16",
			"bgEndColor": "#F0513549",
			"selectors": [
                "&custom_rarity_id=custom:sakura"
            ]
		},
        // Ancient
		{
            "image": "legendarytooltips:textures/gui/custom_borders_2.png",
			"index": 11,
			"startColor": "#FF68625A",
			"endColor": "#FF68625A",
			"bgStartColor": "#F00C0A0D",
			"bgEndColor": "#F016120E",
			"selectors": [
                "&custom_rarity_id=custom:ancient"
            ]
		},
        // TODO
        // Lycanites 1
		{
            "image": "legendarytooltips:textures/gui/custom_borders_3.png",
			"index": 2,
            "startColor": "#FF00A000",
            "endColor": "#FF005000",
			"bgStartColor": "#F0001000",
			"bgEndColor": "#F0001000",
			"selectors": [
                "@lycanitesmobs",
                "&custom_rarity_id=custom:lycanites"
            ]
		},
        // Hats 1
		{
            "image": "legendarytooltips:textures/gui/custom_borders_3.png",
			"index": 3,
            "startColor": "#FFFF00A0",
			"endColor": "#FFA00050",
			"bgStartColor": "#F0200010",
			"bgEndColor": "#F0200010",
			"selectors": [
                "@classyhats",
                "quark:archaeologist_hat",
                "quark:pirate_hat",
                "quark:witch_hat",
                "&custom_rarity_id=custom:hats_1"
            ]
		},
        // Defiled
		{
            "image": "legendarytooltips:textures/gui/custom_borders_3.png",
			"index": 5,
            "startColor": "#FF6030A0",
			"endColor": "#FF301060",
			"bgStartColor": "#F0050010",
			"bgEndColor": "#F0050010",
			"selectors": [
                "@defiledlands",
                "@spartandefiled",
                "@dynamictreesdefiledlands",
                "&custom_rarity_id=custom:defiled"
            ]
		},
        // Dragon
		{
            "image": "legendarytooltips:textures/gui/custom_borders_3.png",
			"index": 6,
            "startColor": "#FFC04000",
			"endColor": "#FF802000",
			"bgStartColor": "#F0100500",
			"bgEndColor": "#F0100500",
			"selectors": [
                "@iceandfire",
                "@spartanfire",
                "mujmajnkraftsbettersurvival:itemdragonbonehammer",
                "mujmajnkraftsbettersurvival:itemdragonbonespear",
                "mujmajnkraftsbettersurvival:itemdragonbonedagger",
                "mujmajnkraftsbettersurvival:itemdragonbonebattleaxe",
                "mujmajnkraftsbettersurvival:itemdragonbonenunchaku",
                "mujmajnkraftsbettersurvival:itemfiredragonbonehammer",
                "mujmajnkraftsbettersurvival:itemfiredragonbonespear",
                "mujmajnkraftsbettersurvival:itemfiredragonbonedagger",
                "mujmajnkraftsbettersurvival:itemfiredragonbonebattleaxe",
                "mujmajnkraftsbettersurvival:itemfiredragonbonenunchaku",
                "mujmajnkraftsbettersurvival:itemicedragonbonehammer",
                "mujmajnkraftsbettersurvival:itemicedragonbonespear",
                "mujmajnkraftsbettersurvival:itemicedragonbonedagger",
                "mujmajnkraftsbettersurvival:itemicedragonbonebattleaxe",
                "mujmajnkraftsbettersurvival:itemicedragonbonenunchaku",
                "mujmajnkraftsbettersurvival:itemsilverhammer",
                "mujmajnkraftsbettersurvival:itemsilverspear",
                "mujmajnkraftsbettersurvival:itemsilverdagger",
                "mujmajnkraftsbettersurvival:itemsilverbattleaxe",
                "mujmajnkraftsbettersurvival:itemsilvernunchaku",
                "mujmajnkraftsbettersurvival:itemjunglechitinhammer",
                "mujmajnkraftsbettersurvival:itemjunglechitinspear",
                "mujmajnkraftsbettersurvival:itemjunglechitindagger",
                "mujmajnkraftsbettersurvival:itemjunglechitinbattleaxe",
                "mujmajnkraftsbettersurvival:itemjunglechitinnunchaku",
                "mujmajnkraftsbettersurvival:itemdesertchitinhammer",
                "mujmajnkraftsbettersurvival:itemdesertchitinspear",
                "mujmajnkraftsbettersurvival:itemdesertchitindagger",
                "mujmajnkraftsbettersurvival:itemdesertchitinbattleaxe",
                "mujmajnkraftsbettersurvival:itemdesertchitinnunchaku",
                "spartanshields:shield_basic_silver",
                "spartanshields:shield_tower_silver",
                "spartanweaponry:dagger_silver",
                "spartanweaponry:longsword_silver",
                "spartanweaponry:katana_silver",
                "spartanweaponry:saber_silver",
                "spartanweaponry:rapier_silver",
                "spartanweaponry:greatsword_silver",
                "spartanweaponry:hammer_silver",
                "spartanweaponry:warhammer_silver",
                "spartanweaponry:spear_silver",
                "spartanweaponry:halberd_silver",
                "spartanweaponry:pike_silver",
                "spartanweaponry:lance_silver",
                "spartanweaponry:longbow_silver",
                "spartanweaponry:crossbow_silver",
                "spartanweaponry:throwing_knife_silver",
                "spartanweaponry:throwing_axe_silver",
                "spartanweaponry:javelin_silver",
                "spartanweaponry:boomerang_silver",
                "spartanweaponry:battleaxe_silver",
                "spartanweaponry:mace_silver",
                "spartanweaponry:glaive_silver",
                "spartanweaponry:staff_silver",
                "simpledifficulty:dragon_canteen",
                "&custom_rarity_id=custom:dragon"
            ]
		},
        // Parasites
		{
            "image": "legendarytooltips:textures/gui/custom_borders_3.png",
			"index": 8,
            "startColor": "#FFA00000",
            "endColor": "#FF500000",
			"bgStartColor": "#F0101010",
			"bgEndColor": "#F0101010",
			"selectors": [
                "@srparasites",
                "contenttweaker:blood_tear",
                "contenttweaker:sentient_core",
                "&custom_rarity_id=custom:parasites"
            ]
		},
        // Bronze
		{
            "image": "legendarytooltips:textures/gui/custom_borders_3.png",
			"index": 11,
            "startColor": "#FF996922",
            "endColor": "#FF5A3A1D",
			"bgStartColor": "#F0160A00",
			"bgEndColor": "#F0160A00",
			"selectors": [
                "xat:moon_rose",
                "xat:glowing_powder",
                "xat:mana_candy",
                "xat:mana_reagent",
                "xat:restoration_serum",
                "quark:crystal",
                "quark:rune",
                "quark:biotite",
                "quark:biotite_ore",
                "charm:ender_pearl_block",
                "scalinghealth:heartdust",
                "roughtweaks:medikit",
                "waystones:bound_scroll",
                "waystones:return_scroll",
                "classyhats:hat_stand:8",
                "@switchbow",
                "&custom_rarity_id=custom:bronze"
            ]
		},
        // Vines
		{
            "image": "legendarytooltips:textures/gui/custom_borders_3.png",
			"index": 12,
            "startColor": "#FF00A000",
            "endColor": "#FF005000",
			"bgStartColor": "#F0100500",
			"bgEndColor": "#F0100500",
			"selectors": [
                "inspirations:flower",
                "rustic:grape_stem",
                "rustic:apple_seeds",
                "rustic:tomato_seeds",
                "rustic:chili_pepper_seeds",
                "rustic:ironwoodseed",
                "@dynamictrees",
                "@dttraverse",
                "rustic:oliveseed",
                "rustic:sapling",
                "quark:variant_sapling",
                "traverse:red_autumnal_sapling",
                "traverse:brown_autumnal_sapling",
                "traverse:orange_autumnal_sapling",
                "traverse:yellow_autumnal_sapling",
                "traverse:fir_sapling",
                "&custom_rarity_id=custom:vines"
            ]
		},
        // Skull
		{
            "image": "legendarytooltips:textures/gui/custom_borders_3.png",
			"index": 13,
            "startColor": "#FF000000",
            "endColor": "#FF000000",
			"bgStartColor": "#F0100030",
			"bgEndColor": "#F0100030",
			"selectors": [
                "lycanitesmobs:soulkey",
                "lycanitesmobs:soulkeyemerald",
                "lycanitesmobs:soulkeydiamond",
                "variedcommodities:skull",
                "variedcommodities:heart",
                "lycanitesmobs:soulcubeaberrant",
                "lycanitesmobs:soulcubedemonic",
                "lycanitesmobs:soulcubeundead",
                "rlmixins:scarlite_helmet",
                "rlmixins:scarlite_chestplate",
                "rlmixins:scarlite_leggings",
                "rlmixins:scarlite_boots",
                "&custom_rarity_id=custom:skull"
            ]
		},
        // Cosmic
		{
            "image": "legendarytooltips:textures/gui/custom_borders_3.png",
			"index": 14,
            "startColor": "#FF0090F0",
            "endColor": "#FFCDECFF",
			"bgStartColor": "#F0000B14",
			"bgEndColor": "#F0000B14",
			"selectors": [
                "bountifulbaubles:amuletsinwrath",
                "xat:dwarf_stout",
                "xat:elf_sap",
                "xat:faelis_food",
                "xat:fairy_dew",
                "xat:goblin_soup",
                "xat:titan_spirit",
                "xat:dragon_gem",
                "variedcommodities:holyhandgrenade",
                "locks:master_key",
                "waystones:warp_stone",
                "ichunutil:compact_porkchop",
                "variedcommodities:x407_head",
                "variedcommodities:x407_chest",
                "variedcommodities:x407_legs",
                "variedcommodities:x407_boots",
                "variedcommodities:cow_leather_head",
                "variedcommodities:cow_leather_chest",
                "variedcommodities:cow_leather_legs",
                "variedcommodities:cow_leather_boots",
                "variedcommodities:musket",
                "variedcommodities:bullet",
                "variedcommodities:mana",
                "variedcommodities:wooden_staff",
                "variedcommodities:wizard_head",
                "variedcommodities:wizard_chest",
                "variedcommodities:wizard_pants",
                "variedcommodities:ninja_head",
                "variedcommodities:ninja_chest",
                "variedcommodities:ninja_legs",
                "&custom_rarity_id=custom:cosmic"
            ]
		},
        // Enchanted (here because we can override this)
		{
            "image": "legendarytooltips:textures/gui/custom_borders_3.png",
			"index": 4,
            "startColor": "#FFB050E0",
			"endColor": "#FF7030B0",
			"bgStartColor": "#F0100020",
			"bgEndColor": "#F0100020",
			"selectors": [
                "minecraft:enchanted_book",
                "minecraft:enchanting_table",
                "minecraft:experience_bottle",
                "&custom_rarity_id=custom:enchanted"
            ]
		},
        // Music disk (here because we can override this)
		{
            "image": "legendarytooltips:textures/gui/custom_borders_3.png",
			"index": 15,
            "startColor": "#FF996922",
            "endColor": "#FF5A3A1D",
			"bgStartColor": "#F0160A00",
			"bgEndColor": "#F0160A00",
			"selectors": [
                "%Music",
                "^C418",
                "pigstep:pigstep",
                "&custom_rarity_id=custom:music_disk"
            ]
		},
        // Brewing stand
		{
            "image": "legendarytooltips:textures/gui/custom_borders_3.png",
			"index": 1,
            "startColor": "#FFB050E0",
            "endColor": "#FF7030B0",
			"bgStartColor": "#F0100020",
			"bgEndColor": "#F0100020",
			"selectors": [
                "minecraft:potion",
                "minecraft:splash_potion",
                "minecraft:lingering_potion",
                "rustic:elixir",
                "minecraft:dragon_breath",
                "switchbow:lovepotion",
                "&custom_rarity_id=custom:brewing_stand"
            ]
		},
        // Gold frame 2
		{
            "image": "legendarytooltips:textures/gui/custom_borders_3.png",
			"index": 0,
			"startColor": "#FFF0C050",
			"endColor": "#FFD0A040",
			"bgStartColor": "#F0201000",
			"bgEndColor": "#F0201000",
			"selectors": [
                "@forgottenitems",
                "@artifacts",
                "xat:glowing_gem",
                "xat:fairy_ring",
                "xat:dwarf_ring",
                "xat:titan_ring",
                "xat:goblin_ring",
                "xat:elf_ring",
                "xat:faelis_ring",
                "xat:dragon_ring",
                "quark:diamond_heart",
                "quark:ancient_tome",
                "scalinghealth:heartcontainer",
                "minecraft:nether_star",
                "rlmixins:cleansing_talisman",
                "waystones:waystone",
                "minecraft:beacon",
                "xpbook:xp_book",
                "disenchanter:disenchantmenttable",
                "&custom_rarity_id=custom:gold_2"
            ]
		},
        // Silver (here because we can override this)
		{
            "image": "legendarytooltips:textures/gui/custom_borders_3.png",
			"index": 9,
            "startColor": "#FFF0F0FF",
            "endColor": "#FFC0C0FF",
			"bgStartColor": "#F0101015",
			"bgEndColor": "#F0101015",
			"selectors": [
                "@bountifulbaubles",
                "@potionfingers",
                "xat:mana_crystal",
                "xat:glowing_ingot",
                "qualitytools:emerald_ring",
                "qualitytools:emerald_amulet",
                "baubles:ring",
                "scalinghealth:crystalore",
                "scalinghealth:crystalshard",
                "roughtweaks:medikitenchanted",
                "waystones:warp_scroll",
                "minecraft:end_crystal",
                "simpledifficulty:frost_rod",
                "simpledifficulty:frost_powder",
                "contenttweaker:glacier_cream",
                "switchbow:arrowlightningboltstorm",
                "switchbow:arrowboneaoe",
                "switchbow:arrowsplitupgrade",
                "switchbow:arrowburialaoe",
                "switchbow:arrowfireupgrade",
                "switchbow:arrowluckupgrade",
                "switchbow:arrowairupgrade",
                "switchbow:arrowsplitloveupgrade",
                "switchbow:podest",
                "&custom_rarity_id=custom:silver"
            ]
		},
        // Fishing (here because we can override this)
		{
            "image": "legendarytooltips:textures/gui/custom_borders_3.png",
			"index": 10,
            "startColor": "#FF00A0FF",
            "endColor": "#FF0050A0",
			"bgStartColor": "#F0001025",
			"bgEndColor": "#F0001025",
			"selectors": [
                "@aquaculture",
                "@fishingmadebetter",
                "@advanced-fishing",
                "minecraft:fishing_rod",
                "minecraft:fish",
                "contenttweaker:neptunium_nugget",
                "quark:elder_sea_lantern",
                "minecraft:sea_lantern",
                "minecraft:prismarine_shard",
                "minecraft:prismarine_crystals",
                "minecraft:prismarine",
                "quark:elder_prismarine",
                "quark:elder_prismarine_slab",
                "quark:elder_prismarine_stairs",
                "quark:elder_prismarine_bricks_slab",
                "quark:elder_prismarine_bricks_stairs",
                "quark:elder_prismarine_dark_slab",
                "quark:elder_prismarine_dark_stairs",
                "quark:prismarine_stairs",
                "quark:prismarine_slab",
                "quark:prismarine_bricks_stairs",
                "quark:prismarine_bricks_slab",
                "quark:prismarine_dark_stairs",
                "quark:prismarine_dark_slab",
                "quark:elder_prismarine_wall",
                "quark:elder_prismarine_bricks_wall",
                "quark:elder_prismarine_dark_wall",
                "quark:prismarine_rough_wall",
                "quark:prismarine_bricks_wall",
                "quark:dark_prismarine_wall",
                "&custom_rarity_id=custom:fishing"
            ]
		},
        // Nether (here because we can override this)
		{
            "image": "legendarytooltips:textures/gui/custom_borders_3.png",
			"index": 7,
            "startColor": "#FF900000",
            "endColor": "#FF702000",
			"bgStartColor": "#F0150000",
			"bgEndColor": "#F0150000",
			"selectors": [
                "@betternether",
                "minecraft:netherrack",
                "minecraft:nether_brick",
                "minecraft:stone_slab:6",
                "minecraft:nether_brick_stairs",
                "minecraft:nether_brick_fence",
                "minecraft:red_nether_brick",
                "minecraft:nether_wart",
                "minecraft:nether_wart_block",
                "minecraft:stone_slab:7",
                "minecraft:blaze_rod",
                "minecraft:blaze_powder",
                "quark:blaze_lantern",
                "charm:smooth_glowstone",
                "minecraft:glowstone",
                "minecraft:glowstone_dust",
                "mujmajnkraftsbettersurvival:itemsteelhammer",
                "mujmajnkraftsbettersurvival:itemsteelspear",
                "mujmajnkraftsbettersurvival:itemsteeldagger",
                "mujmajnkraftsbettersurvival:itemsteelbattleaxe",
                "mujmajnkraftsbettersurvival:itemsteelnunchaku",
                "contenttweaker:steel_nugget",
                "rlmixins:steel_helmet",
                "rlmixins:steel_chestplate",
                "rlmixins:steel_leggings",
                "rlmixins:steel_boots",
                "spartanshields:shield_basic_steel",
                "spartanshields:shield_tower_steel",
                "spartanweaponry:dagger_steel",
                "spartanweaponry:longsword_steel",
                "spartanweaponry:katana_steel",
                "spartanweaponry:saber_steel",
                "spartanweaponry:rapier_steel",
                "spartanweaponry:greatsword_steel",
                "spartanweaponry:hammer_steel",
                "spartanweaponry:warhammer_steel",
                "spartanweaponry:spear_steel",
                "spartanweaponry:halberd_steel",
                "spartanweaponry:pike_steel",
                "spartanweaponry:lance_steel",
                "spartanweaponry:longbow_steel",
                "spartanweaponry:crossbow_steel",
                "spartanweaponry:throwing_knife_steel",
                "spartanweaponry:throwing_axe_steel",
                "spartanweaponry:javelin_steel",
                "spartanweaponry:boomerang_steel",
                "spartanweaponry:battleaxe_steel",
                "spartanweaponry:mace_steel",
                "spartanweaponry:glaive_steel",
                "spartanweaponry:staff_steel",
                "variedcommodities:ingot_steel",
                "foodexpansion:itemblazecream",
                "foodexpansion:itemnetherwartsoup",
                "quark:smoker",
                "inspirations:bricks_button:1",
                "quark:polished_netherrack",
                "quark:polished_netherrack_bricks_stairs",
                "quark:polished_netherrack_bricks_slab",
                "quark:netherrack_speleothem",
                "quark:polished_netherrack_bricks_wall",
                "notreepunching:cobblestone/basalt",
                "notreepunching:rock/basalt",
                "quark:basalt",
                "quark:stone_basalt_slab",
                "quark:stone_basalt_stairs",
                "quark:world_stone_bricks:3",
                "quark:world_stone_carved:3",
                "quark:stone_basalt_bricks_stairs",
                "quark:stone_basalt_bricks_slab",
                "quark:world_stone_pavement:3",
                "quark:basalt_speleothem",
                "quark:basalt_wall",
                "quark:stone_basalt_bricks_wall",
                "quark:quartz_wall",
                "levelup2:netherore",
                "classyhats:hat_stand:7",
                "minecraft:brewing_stand",
                "minecraft:netherbrick",
                "quark:nether_brick_fence_gate",
                "quark:charred_nether_bricks",
                "quark:charred_nether_brick_stairs",
                "quark:charred_nether_brick_slab",
                "minecraft:ghast_tear",
                "minecraft:magma_cream",
                "charm:nether_gold_deposit",
                "&custom_rarity_id=custom:nether"
            ]
		},
        // Gold frame (here because we can override this)
        {
            "image": "legendarytooltips:textures/gui/custom_borders_0.png",
            "index": 8,
            "startColor": "#FFFABD38",
            "endColor": "#FFED932C",
            "bgStartColor": "#F4291523",
            "bgEndColor": "15_#F06E2B2B_#F4291523",
            "selectors": [
                "gold_nugget", "gold_ingot", "gold_block", "golden_sword", "golden_shovel", "golden_pickaxe", "golden_axe", "golden_hoe", "golden_helmet", "golden_chestplate", "golden_leggings", "golden_boots",
                "%\ua475", "&xcore:item-identifier=legendary_sword", "&xcore:item-identifier=legendary_bow", "&xcore:item-identifier=legendary_pickaxe", "&xcore:item-identifier=legendary_axe", "&xcore:item-identifier=legendary_shovel", "&xcore:item-identifier=legendary_hoe", "&xcore:item-identifier=legendary_shield", "&xcore:item-registry-key=legendary_crate_key", "&CustomBlock=legendary_stand", "&CustomBlock=legendary_chandelier", "&CustomBlock=legendary_throne", "&CustomModelData=6131", "&CustomModelData=6130", "&CustomModelData=6132", "&CustomModelData=6286", "&xcore:item-registry-key=rocket_boots_90",
                "&custom_rarity_id=custom:gold"
            ]
        },
        // Netherite frame (here because we can override this)
        {
            "image": "legendarytooltips:textures/gui/custom_borders_0.png",
            "index": 9,
            "startColor": "#FF766a76",
            "endColor": "#FF5d565d",
            "bgStartColor": "#F4291523",
            "bgEndColor": "15_#f0651626_#F4291523",
            "selectors": [
                "netherite_scrap", "netherite_ingot", "netherite_block", "netherite_sword", "netherite_shovel", "netherite_pickaxe", "netherite_axe", "netherite_hoe", "netherite_helmet", "netherite_chestplate", "netherite_leggings", "netherite_boots",
                "&custom_rarity_id=custom:netherite"
            ]
        },
        // Sculk (here because we can override this)
		{
            "image": "legendarytooltips:textures/gui/custom_borders_0.png",
			"index": 14,
			"startColor": "#FF00ffd1",
			"endColor": "#FF14bdb2",
			"bgStartColor": "#F4191c25",
			"bgEndColor": "15_#F4191c25_#F01e6964",
			"selectors": [
                "%Sculk", "%Echo", "echo_shard", "sculk", "sculk_sensor", "sculk_shrieker", "sculk_catalyst", "sculk_vein", "&echo_fork", "&echo_block", "%Скалк", "%скалк",
                "&custom_rarity_id=custom:skulk"
            ]
		},
        // Custom borders end
		// 3.  Smoke and flames
		{
			"index": 3,
			"startColor": "30_#FF912307_orangered-s45-v25_#FF912307+v50_#FF912307+r25+s50-v55",
			"endColor": "30_#FF818385-v15_#FF818385+r5+g5+v45_#FF818385-v45_#FF818385+r25+g25",
			"bgStartColor": "30_#FF912307-v105-a36_#F0120A00",
			"bgEndColor": "#F8818385-v100",
			"selectors": ["%Nether B", "%Nether Q", "%Nether G", "netherrack", "%Nylium", "crimson_fungus", "warped_fungus", "campfire", "fire_charge", "%Firework", "%Lava", "%Незер", "%незер", "%нилий", "%Лава", "%Лаво", "%Фейерверк"]
		},
		// 4.  Water / Ice
		{
			"index": 4,
			"startColor": "24_#FF008FCC-v25_#FF008FCC+s25+v85",
			"endColor": "24_#FF044B8A-v30_#FF044B8A+s25+v55",
			"bgStartColor": "#D0008FCC-v160",
			"bgEndColor": "#F8044B8A-v75",
			"selectors": ["sea_lantern", "heart_of_the_sea", "%Prismarine", "conduit", "nautilus_shell", "%Призмарин"]
		},
		// 5.  Rose and vines
		{
			"index": 5,
			"startColor": "#FF5C4C2D",
			"endColor": "#FF5C4C2D",
			"bgStartColor": "#F0160A00",
			"bgEndColor": "#F0160A00",
			"selectors": ["$minecraft:small_flowers", "$minecraft:flowers", "$minecraft:leaves", "$minecraft:saplings", "$minecraft:tall_flowers", "%Azalea", "%Dripleaf", "%Vines", "bamboo", "%Азали", "%бросянка"]
		},
		// 6.  Bones / death
		{
			"index": 6,
			"startColor": "#FF705A87",
			"endColor": "#FF705A87-v70+s15",
			"bgStartColor": "#E8705A87-v85+s15",
			"bgEndColor": "#F4705A87-v120+s35",
			"selectors": ["%Skull", "wither_rose", "%Obsidian", "respawn_anchor", "%Soul", "%Череп", "%душ", "%сидиан", "%Голова"]
		},
		// 7.  Iron plating / machinery
		{
			"index": 7,
			"startColor": "#FF7D8A91",
			"endColor": "#FF7D8A91",
			"bgStartColor": "#F07D8A91-v125+s35",
			"bgEndColor": "#F47D8A91-v100+s55",
			"selectors": ["iron_door", "iron_trapdoor", "iron_block", "%Anvil", "%Minecart", "%Rail", "hopper", "observer", "dispenser", "dropper", "%Piston", "%Наковальн", "%Вагонет", "%Рель" ,"%оршень"]
		},
		// 8.  Purple geometric motif
		{
			"index": 8,
			"startColor": "#FFA591B6",
			"endColor": "#FFA591B6",
			"bgStartColor": "#E4A591B6-v155+s35",
			"bgEndColor": "#F4A591B6-v145+s35",
			"selectors": ["%End", "%Purpur", "%Chorus", "%Shulker", "%Энд", "%энд", "%Пурпур", "%орус", "%алкер"]
		},
		// 9.  Holy (halo / wings)
		{
			"index": 9,
			"startColor": "15_#FFFFFADB-v20+s35_#FFFFFADB+v30-s20",
			"endColor": "15_#FFFFDFAD-v20+s35_#FFFFDFAD+v30-s20",
			"bgStartColor": "#D8FFFADB-v245",
			"bgEndColor": "#F4FFDFAD-v210+s90",
			"selectors": ["elytra", "%Glow", "totem_of_undying", "experience_bottle", "golden_carrot", "golden_apple", "enchanted_golden_apple", "%Свето"]
		},
		// 0.  Gold frame
		{
			"index": 0,
			"startColor": "20_#FF996922_#FF996922_#FF996922_#FF996922_#FF996922_#FF996922_#FF996922_#FF996922_#FF996922_#FF996922_#FF996922_#FF996922_#FF996922+v64-s32_#FF996922",
			"endColor": "20_#FF5A3A1D_#FF5A3A1D_#FF5A3A1D_#FF5A3A1D_#FF5A3A1D_#FF5A3A1D_#FF5A3A1D_#FF5A3A1D_#FF5A3A1D_#FF5A3A1D_#FF5A3A1D_#FF5A3A1D_#FF5A3A1D_#FF996922+v64-s32",
			"bgStartColor": "#D0996922-v155",
			"bgEndColor": "#F45A3A1D-v55",
			"selectors": ["netherite_sword", "netherite_shovel", "netherite_pickaxe", "netherite_axe", "netherite_hoe", "netherite_helmet", "netherite_chestplate", "netherite_leggings", "netherite_boots",
						  "!epic"]
		},
		// 1.  Silver frame
		{
			"index": 1,
			"startColor": "20_#FF697C8C_#FF697C8C_#FF697C8C_#FF697C8C_#FF697C8C_#FF697C8C_#FF697C8C_#FF697C8C_#FF697C8C_#FF697C8C_#FF697C8C_#FF697C8C_#FF697C8C+v48-s16_#FF697C8C",
			"endColor": "20_#FF3A4C61_#FF3A4C61_#FF3A4C61_#FF3A4C61_#FF3A4C61_#FF3A4C61_#FF3A4C61_#FF3A4C61_#FF3A4C61_#FF3A4C61_#FF3A4C61_#FF3A4C61_#FF3A4C61_#FF3A4C61+v48-s16",
			"bgStartColor": "#D0697C8C-v155",
			"bgEndColor": "#F43A4C61-v65",
			"selectors": ["diamond_sword", "diamond_shovel", "diamond_pickaxe", "diamond_axe", "diamond_hoe", "diamond_helmet", "diamond_chestplate", "diamond_leggings", "diamond_boots",
						  "enchanted_book", "turtle_helmet", "tipped_arrow", "spectral_arrow", "!rare"]
		},
		// 2.  Copper frame
		{
			"index": 2,
			"startColor": "20_#FF70453D_#FF70453D_#FF70453D_#FF70453D_#FF70453D_#FF70453D_#FF70453D_#FF70453D_#FF70453D_#FF70453D_#FF70453D_#FF70453D_#FF70453D+v64-s32_#FF70453D",
			"endColor": "20_#FF542323_#FF542323_#FF542323_#FF542323_#FF542323_#FF542323_#FF542323_#FF542323_#FF542323_#FF542323_#FF542323_#FF542323_#FF542323_#FF542323+v64-s32",
			"bgStartColor": "#D070453D-v155",
			"bgEndColor": "#F4542323-v60",
			"selectors": ["iron_sword", "iron_shovel", "iron_pickaxe", "iron_axe", "iron_hoe", "iron_helmet", "iron_chestplate", "iron_leggings", "iron_boots",
						  "golden_sword", "golden_shovel", "golden_pickaxe", "golden_axe", "golden_hoe", "golden_helmet", "golden_chestplate", "golden_leggings", "golden_boots",
						  "%Chainmail", "compass", "clock", "spyglass", "shears", "%Bucket", "lead", "name_tag", "flint_and_steel", "bow", "crossbow", "trident", "shield", "%Койф", "%Кольч", "%Ведро"]
		},
		// 10.  Test
		{
			"index": 10,
			"startColor": "15_#FF508CB7-v20+s35_#FF508CB7+v30-s20",
			"endColor": "15_#FF508CB7-v20+s35_#FF508CB7+v30-s20",
			"bgStartColor": "#D8508CB7-v245",
			"bgEndColor": "#F4508CB7-v210+s90",
			"selectors": ["trial_key"]
		}
	]
}