{
  "parent": "block/block",
  "textures": {
    "particle": "block/composter_side",
    "top": "block/composter_top",
    "bottom": "block/composter_bottom",
    "side": "block/composter_side",
    "inside": "block/composter_bottom",
    "water": "minecraft:block/water_still"
  },
  "elements": [
    {   "from": [ 0, 0, 0 ],
      "to": [ 16, 2, 16 ],
      "faces": {
        "up":  { "texture": "#inside" },
        "down":  { "texture": "#bottom", "cullface": "down" }
      }
    },
    {   "from": [ 0, 0, 0 ],
      "to": [ 2, 16, 16 ],
      "faces": {
        "up":  { "texture": "#top", "cullface": "up" },
        "north": { "texture": "#side", "cullface": "north" },
        "south": { "texture": "#side", "cullface": "south" },
        "west":  { "texture": "#side", "cullface": "west" },
        "east":  { "texture": "#side" }
      }
    },
    {   "from": [ 14, 0, 0 ],
      "to": [ 16, 16, 16 ],
      "faces": {
        "up":  { "texture": "#top", "cullface": "up" },
        "north": { "texture": "#side", "cullface": "north" },
        "south": { "texture": "#side", "cullface": "south" },
        "west":  { "texture": "#side" },
        "east":  { "texture": "#side", "cullface": "east" }
      }
    },
    {   "from": [ 2, 0, 0 ],
      "to": [ 14, 16, 2 ],
      "faces": {
        "up":  { "texture": "#top", "cullface": "up" },
        "north": { "texture": "#side", "cullface": "north" },
        "south": { "texture": "#side" }
      }
    },
    {   "from": [ 2, 0, 14 ],
      "to": [ 14, 16, 16 ],
      "faces": {
        "up":  { "texture": "#top", "cullface": "up" },
        "north": { "texture": "#side" },
        "south": { "texture": "#side", "cullface": "south" }
      }
    },
    {
      "from": [ 2, 4, 2 ],
      "to": [ 14, 12, 14 ],
      "faces": {
        "up": { "texture": "#water", "tintindex": 0 }
      }
    }
  ]
}
